index,critical_temp
0,24.342720057839777
1,24.80730541786179
2,89.97826025293539
3,74.29432812247803
4,89.91738363482477
5,79.32039104769315
6,80.5471646132712
7,79.51866194904457
8,83.16540352652478
9,70.64154372329307
10,36.03569739977958
11,9.84388349421701
12,23.269140845807545
13,72.86470976642278
14,86.40288862220112
15,86.40288862220112
16,86.40288862220112
17,86.40288862220112
18,64.00847960302288
19,63.43191155151795
20,44.417446109984816
21,68.70098797942555
22,20.772849371939426
23,55.70162582568702
24,81.48590775730017
25,78.81797462486726
26,36.03569739977958
27,71.53445876109393
28,90.59716024983807
29,90.26811474703781
30,19.687003416789853
31,113.6989523870874
32,120.38418609283828
33,82.87502305448741
34,81.94597374834463
35,74.08110173355304
36,56.59289978200896
37,41.84282728533168
38,70.97515501870741
39,36.2551191353217
40,77.29025790942084
41,81.05805969202513
42,24.70524497207611
43,92.6971006905626
44,86.40288862220112
45,92.6971006905626
46,70.76239876681076
47,84.1767759832591
48,83.55730432379387
49,34.45395647332442
50,79.09753822387968
51,43.394752450841096
52,85.30007854114481
53,67.61229982885268
54,72.86470976642278
55,76.88873360782976
56,76.43314765730779
57,64.91956171376775
58,83.63807328579416
59,77.90219244503983
60,90.68347941553384
61,82.87502305448741
62,90.34748899449572
63,68.43397923343609
64,74.57810456645291
65,57.03596252085772
66,63.66213504320673
67,49.48413308721183
68,49.24924451676636
69,82.87502305448741
70,74.7781494860484
71,55.37965929474108
72,77.46096482390931
73,76.07006032659815
74,36.03569739977958
75,85.48385827431527
76,35.25977812284704
77,33.3716798988642
78,92.63560326206205
79,86.93588948983965
80,66.34111832790802
81,83.23678158052418
82,82.10667034109595
83,26.397461355011966
84,74.58245239918476
85,21.364289709934997
86,81.48590775730017
87,71.57190716546107
88,47.85379960549177
89,46.26714727482028
90,78.04681010056929
91,89.48870899383668
92,71.40381428967346
93,91.587359746478
94,78.1540343262454
95,61.58838069803617
96,57.321349792193196
97,27.922460828827152
98,91.08840533191768
99,70.25888908256199
100,45.72680667670469
101,82.81973803658434
102,70.49285346076172
103,38.44082456569457
104,41.065663329092125
105,64.6876425687785
106,36.392441016577045
107,36.732194909242615
108,69.90493914042536
109,71.0488728929511
110,53.362897793509106
111,51.593631358167954
112,24.237339785923417
113,53.674103981824224
114,65.63700296282425
115,71.56452707481749
116,65.63700296282425
117,65.7508993673821
118,61.35053950002373
119,50.137806581195875
120,85.03172214079284
121,89.03337340534596
122,87.70489237066121
123,80.69709275385756
124,43.86018532418605
125,86.40288862220112
126,89.18588043790997
127,48.71150991040242
128,120.38418609283828
129,35.658175255665974
130,77.14252747700893
131,77.46096482390931
132,83.40793684182609
133,107.94038447505899
134,104.59936348101509
135,87.49058623039016
136,85.93434479880338
137,10.051982756479239
138,85.30007854114481
139,67.61229982885268
140,71.5613485529507
141,51.92858708570392
142,31.73109043195546
143,14.920424328745025
144,90.68347941553384
145,71.53445876109393
146,72.19050415595919
147,78.93848318066868
148,88.34185080558844
149,63.08389843938817
150,100.47038615165283
151,101.26315434808748
152,99.15527736198386
153,84.43321823528495
154,87.60531234096501
155,86.40288862220112
156,64.37815381920518
157,67.2040849537979
158,62.009886691805
159,41.423461779654154
160,32.94718559884926
161,77.46096482390931
162,84.13535642933564
163,14.14074800696628
164,14.987988584239444
165,38.15731851083283
166,36.094345068166774
167,87.45202773032669
168,77.91579428483678
169,77.14252747700893
170,33.25272020231712
171,42.58614750060169
172,34.57661310686817
173,20.799030528112265
174,18.374932437724148
175,23.074344859122537
176,36.30651005049021
177,18.851785014829975
178,71.6786663738297
179,23.223803714374437
180,61.15098096961503
181,22.559372266596853
182,23.975748311049955
183,21.608231004721254
184,89.00556737026885
185,74.00176593516207
186,64.47114723714466
187,40.091740960418115
188,74.02613385765758
189,74.80261143104943
190,82.94915149257648
191,32.21594446021981
192,91.48315049945826
193,86.40288862220112
194,77.36247749412442
195,108.75923898368657
196,118.08103055691372
197,113.55379169135533
198,43.44841808273172
199,50.5262073801071
200,55.12980836677938
201,82.91552907051256
202,78.33894456953979
203,78.38695726956102
204,25.888160478126448
205,82.28599976499598
206,72.00864413124137
207,77.14252747700893
208,87.70489237066121
209,91.587359746478
210,75.34735640746344
211,78.38094278828524
212,77.02668274565767
213,90.34748899449572
214,76.4881400840045
215,68.42884071313019
216,55.688787985187595
217,76.97812674724864
218,77.14252747700893
219,10.775429863414118
220,71.6786663738297
221,23.223803714374437
222,36.03569739977958
223,61.302646432095855
224,55.58387598123728
225,93.1056799976723
226,86.40288862220112
227,71.43679447317842
228,79.29378370304546
229,68.83125531205629
230,28.29157185415379
231,59.025182512654006
232,20.430374568305627
233,82.25683536434168
234,70.21730496479454
235,54.82431142160381
236,64.16158608739421
237,65.89227653913044
238,77.77851583153355
239,76.1932483102157
240,45.58732881372192
241,89.11569824669925
242,80.78213311095011
243,77.04822421616639
244,66.53110698354406
245,80.070388261837
246,67.8287232040703
247,64.95038754455823
248,74.71741244404343
249,21.62994179599594
250,60.128927760331344
251,46.61465324109081
252,85.67813234190999
253,78.04681010056929
254,56.74489850820789
255,115.69992839433262
256,115.69992839433262
257,62.17527083175905
258,75.33738905074827
259,21.142894813131527
260,108.96482179896962
261,86.40198672673807
262,85.336854378824
263,91.05780620643132
264,39.030050540424966
265,39.47727188896335
266,89.48870899383668
267,85.29172239905373
268,64.31213775237961
269,82.87502305448741
270,89.18588043790997
271,92.06143318121492
272,118.08103055691372
273,88.44206358939337
274,69.97536200582616
275,66.06636702376007
276,63.01994268893499
277,17.044613232638333
278,22.013485091521993
279,27.9315265277545
280,18.612407592449873
281,17.20126226122532
282,21.142894813131527
283,19.81200332880183
284,81.12379963906389
285,89.18588043790997
286,91.26409528746771
287,20.23244243897454
288,25.088204323185863
289,73.88946419586105
290,73.88946419586105
291,52.568443861913515
292,78.04681010056929
293,15.417051954196731
294,20.87194375143667
295,118.08103055691372
296,48.503937051172684
297,9.431551558395617
298,65.0201358182533
299,24.212630923199924
300,23.223803714374437
301,36.03569739977958
302,43.394752450841096
303,101.28020221923809
304,103.08330168216274
305,81.78810870139839
306,46.869937865238136
307,37.29275069178225
308,44.20956447641044
309,46.869937865238136
310,78.51963322064012
311,43.89683694943672
312,10.395706955128874
313,15.14588276210983
314,85.27490711468396
315,77.46096482390931
316,24.69894444584285
317,84.30205354689804
318,71.17649873043686
319,21.597497101804628
320,77.46096482390931
321,59.91276054413367
322,78.2347989767918
323,73.08286455941152
324,91.48315049945826
325,74.16980446987205
326,83.39524179317128
327,18.419103393399123
328,20.081171925971272
329,27.922460828827152
330,82.87502305448741
331,20.91878435473527
332,36.03569739977958
333,19.099946629084144
334,21.68904159100695
335,31.321569622688916
336,23.33558029128153
337,21.298496710419208
338,32.393216858752155
339,7.639493531283504
340,17.222646490197654
341,21.67951457303079
342,20.772849371939426
343,15.538265169215231
344,78.51963322064012
345,36.607597654314716
346,67.14362504711038
347,52.41011296099181
348,78.67337664800425
349,42.05126376888527
350,50.86657983707429
351,76.8803969606963
352,51.92858708570392
353,71.90837181019474
354,82.87502305448741
355,86.5226963162953
356,88.03378980189397
357,85.70522163255183
358,37.96867527016099
359,92.78019155591531
360,89.14664606908762
361,86.40288862220112
362,37.577002538014945
363,46.200457059597554
364,77.08884659857588
365,8.85821313557724
366,16.294532073906545
367,24.050619771589844
368,41.11889498995968
369,35.86082340422552
370,86.40288862220112
371,18.19420766154708
372,16.887154369297974
373,74.67922606228008
374,23.733684345642725
375,22.398643121897113
376,21.563096272167638
377,21.671577037688955
378,91.32820838844977
379,45.1766849259373
380,66.44237939070776
381,16.10032490899304
382,81.90934051730024
383,36.92832910920449
384,70.1889350707013
385,69.57333431303891
386,10.54638653743381
387,10.140303246924663
388,17.592337254617057
389,16.382032243014283
390,56.74489850820789
391,28.992345921135005
392,22.94548235972224
393,65.45688565406398
394,20.799030528112265
395,77.14252747700893
396,108.73429922446515
397,110.55509584822634
398,27.11727939402051
399,32.02270579175394
400,33.596648875098815
401,72.95354962480779
402,73.23581546035517
403,52.471214865056375
404,15.195739819158879
405,64.4082744110386
406,108.01403891721051
407,28.24946619674143
408,26.405645130492513
409,104.65701820928359
410,23.030235812348685
411,43.3045837143703
412,49.48696698212224
413,51.977884715784064
414,91.7708836557476
415,50.802507714374556
416,91.48315049945826
417,42.180607651654206
418,46.0323285970329
419,87.98560560984289
420,26.546238041885125
421,71.18071746811867
422,70.53732500597647
423,71.93187703993759
424,70.32655292566635
425,64.85917603613261
426,77.46096482390931
427,55.36745900513839
428,41.46579130973701
429,74.17273761929786
430,38.16161723333965
431,56.74489850820789
432,56.74489850820789
433,84.86790240515809
434,59.34595786861273
435,23.67719272621209
436,50.472980834174884
437,26.769002081355502
438,73.67867264984427
439,77.55012856941575
440,80.00510991784581
441,84.25315333525016
442,87.36213774812896
443,79.88582500396681
444,52.847902135071784
445,25.639103230033694
446,25.959958706447033
447,77.14252747700893
448,70.76435665231504
449,74.94202589091196
450,57.55348740142585
451,67.74172377694619
452,79.53236352871701
453,47.802458929275936
454,20.566318663983115
455,23.545442051291133
456,78.1870964267121
457,74.34002242124302
458,13.461357330050054
459,47.5976572511943
460,35.354980123387534
461,98.53445873878692
462,89.6637997105275
463,82.53368304622191
464,77.32557377467062
465,62.11398817243805
466,34.2114256466444
467,58.76498684045426
468,52.58382906357338
469,23.940109739242622
470,43.18326823257873
471,58.387025247145644
472,53.92463602345013
473,42.04652990381761
474,49.454846244286685
475,30.902100763469118
476,41.49379922101736
477,26.972693065735704
478,40.030808957501215
479,42.43598972258707
480,39.87249046888686
481,37.025241771763106
482,80.10835252600839
483,27.583728342171664
484,79.54944774257676
485,38.13221941246094
486,28.81713113809639
487,26.61211235165907
488,21.787292404090895
489,22.377137743657872
490,114.06310900935837
491,82.64561518667395
492,79.650615225112
493,78.2791790927106
494,26.769002081355502
495,26.769002081355502
496,77.14252747700893
497,29.05148092112451
498,76.21254486547363
499,82.37188535417347
500,35.80432723375556
501,27.63180420977525
502,59.293636701458
503,20.56787761374082
504,47.240738589951505
505,86.24534393704691
506,65.09087330945553
507,63.881031686213284
508,60.98124542009379
509,65.039938622109
510,57.75383348019011
511,89.50308306332542
512,86.59257283841673
513,48.2706644124995
514,20.56787761374082
515,23.223803714374437
516,87.60531234096501
517,28.24946619674143
518,39.79179237866377
519,46.68759653044765
520,19.80090192933371
521,62.43755729838368
522,27.922460828827152
523,86.40288862220112
524,59.65542366980752
525,46.79782830386512
526,17.64430245945099
527,72.97062402433963
528,63.248163487706904
529,27.922460828827152
530,13.767632889127054
531,13.740047586288792
532,28.050712109081132
533,52.837567113585365
534,55.33510071272223
535,16.71246515761101
536,11.117482975524112
537,107.93403489744503
538,116.19785214884227
539,21.142894813131527
540,86.40288862220112
541,53.57047131142047
542,77.14252747700893
543,105.29591466189616
544,86.40288862220112
545,77.46096482390931
546,103.21879125532355
547,76.98967851987125
548,35.17122222692705
549,36.013625777068185
550,31.30904493762926
551,74.50282431749704
552,75.54120027891825
553,48.62691787103468
554,75.9697780089306
555,75.85445277999354
556,70.15995233718156
557,70.26713684793421
558,48.50044491060357
559,95.82639944337379
560,98.88491352574928
561,91.88312074852742
562,40.55825867350279
563,78.3663119393266
564,73.49570887805977
565,81.56102305595225
566,84.75524026674611
567,65.77163077289904
568,57.39223865095237
569,42.656183837928396
570,27.937256850181694
571,81.98462144237809
572,72.22277147462577
573,79.50223821447979
574,90.13651393614461
575,95.33346581118568
576,80.21701053132945
577,76.02387340577134
578,68.48387144127456
579,31.020804833466066
580,16.67094688178666
581,82.82116449786817
582,45.28394819189391
583,88.43429912436439
584,23.38658182984483
585,100.70327302610005
586,90.06351369534926
587,85.97425211809843
588,65.15864269466127
589,75.53209164190147
590,75.53209164190147
591,31.905296304424763
592,71.05503666652343
593,28.2260800293709
594,73.05386396050226
595,72.29642080707842
596,48.81787544276467
597,74.98820995717088
598,74.31008727427346
599,19.14606720436507
600,20.87194375143667
601,23.749111735083027
602,17.52465812632528
603,21.364289709934997
604,78.86701119518986
605,85.52794785424508
606,19.805967522422787
607,64.52887211451299
608,14.49354095155994
609,15.195739819158879
610,15.558511575976768
611,89.06348578459736
612,92.4805301909635
613,93.50118586470309
614,25.166798143737534
615,35.94668300637995
616,45.64630708912012
617,29.999880715461497
618,78.80489908644178
619,18.374932437724148
620,17.35308163561748
621,64.74705317257684
622,30.658354830421114
623,27.628224263557048
624,30.08784662479125
625,30.619763402194483
626,25.458988251883255
627,30.711171532681863
628,69.24758807384318
629,14.0010930904471
630,19.231519896939947
631,27.922460828827152
632,6.868484129045617
633,6.511863733198701
634,11.756228072335045
635,28.208787612190356
636,23.86980584465633
637,116.84223343615767
638,29.799312348076338
639,53.830339560781056
640,60.25024522046782
641,104.93655871389363
642,44.875890234823196
643,80.64554968643691
644,67.02704154292826
645,54.64891358453021
646,77.91579428483678
647,54.0558318467145
648,6.056551236448257
649,6.056551236448257
650,37.88924702431931
651,58.29117878678646
652,28.660110498949205
653,14.025978287332084
654,19.670539918423806
655,20.799030528112265
656,50.36661423955598
657,28.799278005601852
658,83.82018852563041
659,48.654226617867394
660,35.658175255665974
661,21.142894813131527
662,60.43715915111071
663,68.35969819722398
664,64.61662741488772
665,104.65701820928359
666,14.951623432403355
667,91.05905467227657
668,50.35392154895505
669,85.40926102533281
670,62.559499917864805
671,37.36471212599958
672,84.98231059914767
673,60.42020266689836
674,61.221957265874366
675,19.828956672072586
676,81.57846552555903
677,78.95844329908105
678,40.91511187707585
679,78.2347989767918
680,48.81787544276467
681,74.7781494860484
682,29.023197443170677
683,16.23566482368962
684,118.76284643984935
685,80.38816959835955
686,72.68848643747168
687,58.27049550862572
688,60.315275952448395
689,34.488409058975456
690,103.96774533260982
691,36.03569739977958
692,98.17269886562049
693,90.67230401863094
694,88.14527041290799
695,83.73535088833634
696,87.8711488329155
697,88.55106079374305
698,88.29097001488292
699,87.58993503078432
700,74.53528448623392
701,110.17877969123067
702,61.479532516336114
703,38.68366315656171
704,19.849288703506364
705,86.67545289337515
706,66.56064834594733
707,66.45625459181475
708,20.58809779442052
709,126.19867138200526
710,125.09964143692477
711,122.24875726980274
712,86.86836247615113
713,87.70489237066121
714,76.74942387412717
715,75.68330300153907
716,70.71278458404406
717,79.66305136154554
718,122.94466273514759
719,122.94466273514759
720,45.009349542448604
721,68.40506772420876
722,60.995736792270925
723,52.38672737720583
724,38.949827367142724
725,75.26191821426406
726,77.23246276746984
727,122.94466273514759
728,116.4818861108508
729,111.50553112343906
730,121.15300749955988
731,106.35610784994194
732,86.40288862220112
733,100.5714717294501
734,115.1943374531694
735,88.73115697526576
736,100.85470497739459
737,47.57354179938136
738,60.29559749872931
739,58.471372714530766
740,53.37316750033567
741,50.975123573439056
742,42.52507514112644
743,70.38040317471147
744,69.84113741095267
745,106.12479125960034
746,96.72877835031476
747,60.47677671289495
748,77.14808216044085
749,45.19830084759923
750,77.14252747700893
751,62.24690336710007
752,24.105546238934913
753,21.490205739566825
754,26.028868979662377
755,68.90431388756934
756,37.29275069178225
757,35.19108136240457
758,74.29610399106961
759,45.93306641580693
760,77.05532150435045
761,100.42540813984814
762,59.35196502189273
763,57.96091356491763
764,74.33303327946336
765,6.583403864308645
766,27.76690478136419
767,78.53625237188156
768,18.556426933580617
769,22.58130882313858
770,48.6952531393639
771,49.59800909717694
772,35.594918939702154
773,72.82582956703071
774,62.382197026145434
775,77.14252747700893
776,64.41634248363259
777,65.63700296282425
778,90.85540081205727
779,81.48590775730017
780,43.00606062555295
781,27.65620266491124
782,21.89740807274347
783,77.16710196768766
784,73.26869877395913
785,65.00197916314427
786,37.893673079056164
787,108.64301108095583
788,78.69128210623316
789,40.178016258790116
790,71.45182618230557
791,75.54245878723385
792,25.575421935703755
793,79.74250291398532
794,49.913143962913196
795,49.36066041654472
796,64.16158608739421
797,90.34040341885081
798,77.46096482390931
799,79.83362465993332
800,85.74244101345214
801,117.4124247339587
802,125.07863499337239
803,70.04659448556183
804,68.20356765180264
805,65.91911302992509
806,70.76435665231504
807,67.74172377694619
808,42.95782432891894
809,111.04698675959462
810,28.227976304789397
811,103.76937607065328
812,118.08103055691372
813,103.78837319180583
814,108.35975649472259
815,35.060567658323066
816,88.02199438884291
817,50.5262073801071
818,63.7212401824469
819,87.38529474034564
820,80.04965804382947
821,71.5613485529507
822,64.4082744110386
823,82.87502305448741
824,72.16450217237778
825,82.87502305448741
826,78.99926018994752
827,89.89207445296564
828,78.51963322064012
829,72.44627045856173
830,71.60211648165833
831,7.545178616491239
832,58.86619958534086
833,72.00301125584271
834,32.21594446021981
835,70.62752070413701
836,58.5634949299055
837,61.87230424970165
838,60.065924023287366
839,46.15619230351198
840,75.83272335564114
841,75.83272335564114
842,66.96970484007288
843,51.02863881540042
844,79.72705449545035
845,81.58410649447202
846,50.43131822766928
847,71.00163993768842
848,81.70327852720467
849,66.28745067794905
850,39.11162831097351
851,82.97216126108371
852,57.9011184950251
853,73.11809197463404
854,61.53888654624478
855,72.37134123523123
856,80.8384889403713
857,74.26061360224428
858,73.7246377144079
859,78.78894307190926
860,76.9226177502245
861,39.28268290875974
862,60.20164614136188
863,71.03646231522073
864,58.95782841856042
865,58.58200103582034
866,55.58624244566903
867,59.18925771543341
868,46.898134842984135
869,76.57350841608435
870,37.29275069178225
871,75.6699074292824
872,52.10279085827329
873,75.76956979590615
874,55.67047271750373
875,88.85851698661017
876,129.81266254972041
877,77.48332388230145
878,79.42134364642008
879,80.59579825553215
880,79.99429601868658
881,60.99939727663074
882,77.67401297478371
883,77.01867129913431
884,70.42811957439999
885,90.10393276150536
886,71.99050846843701
887,58.272864479223294
888,19.8693287425
889,46.58977641692234
890,21.901205803124604
891,48.04291048701634
892,28.75688224839439
893,30.373965796970957
894,57.595645255741246
895,69.94696923027587
896,88.47042094758247
897,50.5262073801071
898,62.43446016066224
899,49.2549523943086
900,22.230191398110225
901,39.67816003095111
902,46.9110259308707
903,71.9907350201786
904,62.391539887247966
905,63.144889313133085
906,54.356955737359726
907,36.762774247325034
908,20.57300708961444
909,69.70298592257267
910,88.8402674834276
911,40.76773618677815
912,27.58847701315575
913,57.71352918114275
914,72.48488730294972
915,68.62407769025587
916,74.71590915617409
917,75.20611568275773
918,31.836827125640173
919,77.83471012328017
920,81.51749082494123
921,77.56040575322739
922,26.61676240458055
923,47.88481281769764
924,114.05789172965055
925,15.206913423019575
926,89.8689973397327
927,73.0789028803703
928,71.70087535094237
929,57.05715776141949
930,42.48375360204178
931,71.70087535094237
932,71.70087535094237
933,33.60620171636068
934,55.921168015892924
935,71.90837181019474
936,100.27577554762934
937,104.39891353047362
938,84.4035177334175
939,92.03108856027407
940,77.46096482390931
941,83.94193596457896
942,84.78770106168047
943,82.87502305448741
944,44.77930089959743
945,74.84902420106104
946,98.06667151793151
947,82.19056864543622
948,78.50072635070492
949,79.0289304221419
950,80.8100087760583
951,80.47918226651045
952,67.59044665359578
953,67.5790610984546
954,61.173401180628325
955,43.14717338797964
956,40.557847787485194
957,28.976491122888863
958,76.52957986255949
959,19.123231549023075
960,11.003176746726465
961,14.750236501533545
962,89.96490558683276
963,91.93865350191841
964,68.59373020420749
965,59.422159817167035
966,118.76284643984935
967,126.19867138200526
968,30.625676480884124
969,12.117763906566017
970,21.935560989330032
971,23.936191752664435
972,22.405722018515196
973,25.05440472437897
974,23.601041114637894
975,26.306579246052173
976,105.03590420505053
977,56.42533708226659
978,81.64114779462662
979,82.03540487539973
980,69.3074835490273
981,57.446923563603434
982,65.80820574316297
983,76.69300616636754
984,62.75155065956885
985,62.12254597097442
986,65.35778461098792
987,65.039938622109
988,35.602047785224435
989,69.16231819855287
990,76.88687968315185
991,52.20693539340766
992,43.82565350332691
993,77.14252747700893
994,28.46781858379493
995,71.5613485529507
996,39.864228009780454
997,88.44207639559782
998,48.861259368332504
999,27.02467932671728
1000,27.02467932671728
1001,78.04681010056929
1002,11.435285283189929
1003,25.685371540238187
1004,19.687003416789853
1005,47.28544935339827
1006,51.24209391184696
1007,75.96050754248039
1008,85.89463834498585
1009,27.33851049593841
1010,91.32820838844977
1011,107.43194667165452
1012,11.298982075901089
1013,29.047994779492107
1014,53.47308157321908
1015,63.82292695691337
1016,59.397163702457874
1017,68.10873224263872
1018,74.48251935425039
1019,47.046132053306884
1020,107.94038447505899
1021,69.63580152796406
1022,58.056187789773574
1023,64.4573157823632
1024,69.41076942576079
1025,28.024394731460365
1026,41.375049172715066
1027,41.375049172715066
1028,40.11887083674063
1029,39.63684291334622
1030,76.41710057316553
1031,88.86523909466646
1032,80.4678754549527
1033,63.665855936137525
1034,77.50511693610238
1035,72.029308471486
1036,21.714461971722056
1037,61.26201175006145
1038,88.06377913507372
1039,87.61978032564674
1040,62.57508810027356
1041,65.46539565328797
1042,47.120032950216356
1043,82.87502305448741
1044,63.22180205565796
1045,68.1356029482126
1046,80.63916299347355
1047,82.22329015536995
1048,128.96376711043044
1049,128.96376711043044
1050,18.12498781367278
1051,27.6190468775738
1052,34.08358496569669
1053,29.155619110606455
1054,26.75419701720595
1055,29.062966639801267
1056,27.69730736371553
1057,33.79603359311433
1058,27.158372180161336
1059,34.02508213867427
1060,44.56601130168654
1061,44.800198199228916
1062,67.90371824949374
1063,49.871274179173476
1064,47.817632551286465
1065,48.46988502472956
1066,50.259783190738275
1067,50.259783190738275
1068,62.35558497180151
1069,65.06035537744272
1070,49.625310208125406
1071,35.34108369507278
1072,65.53892277687159
1073,78.24831220217047
1074,34.58682026034891
1075,53.235189056288945
1076,56.51277052490561
1077,133.1938236413222
1078,65.31235553033561
1079,68.29707051163614
1080,60.61566730475561
1081,47.02948186514596
1082,83.98757019867746
1083,42.09287393824388
1084,33.988971375455854
1085,36.60830351067581
1086,52.08717226957866
1087,79.9309975820705
1088,63.40891429444753
1089,92.03108856027407
1090,88.86523909466646
1091,87.71509634573916
1092,87.71509634573916
1093,93.9938180405217
1094,82.3832250984741
1095,82.3832250984741
1096,28.29157185415379
1097,25.187564905208376
1098,73.08286455941152
1099,63.57524357022861
1100,83.68725507352754
1101,81.18129751679729
1102,22.817710020247954
1103,60.90537891881498
1104,50.15021471842095
1105,38.051028324455835
1106,21.2900967581903
1107,19.668096148497487
1108,70.7749956743194
1109,69.10860032382662
1110,40.69004158240464
1111,59.95892699074018
1112,39.116382077103275
1113,28.29157185415379
1114,82.48384493667933
1115,82.06044509676485
1116,64.4082744110386
1117,69.88061495358524
1118,16.979628412295813
1119,27.469017795715224
1120,27.03306786505213
1121,36.46118884423601
1122,82.87502305448741
1123,56.18180268597955
1124,19.572545621268734
1125,90.84220299136486
1126,90.84220299136486
1127,126.19867138200526
1128,120.38418609283828
1129,121.25702301985173
1130,77.47025922296943
1131,30.181553601461466
1132,27.643974986636465
1133,79.76586167520665
1134,76.88053564972593
1135,74.35051094027098
1136,107.09782726018832
1137,46.49461665050975
1138,28.46687502529263
1139,28.25388208990831
1140,82.21619975470183
1141,92.56082435240548
1142,87.79639184050212
1143,75.77092938188105
1144,101.12823369217526
1145,68.6716791912507
1146,81.18336040713275
1147,93.68634280104696
1148,38.72710569272456
1149,68.25191795389885
1150,80.3075757664284
1151,67.91141741906017
1152,52.622450180342504
1153,83.72986205073009
1154,82.81303545654531
1155,79.10960453957374
1156,77.94582891552169
1157,81.86764774215308
1158,82.54948007962837
1159,73.27561058761853
1160,70.92550038277982
1161,75.39911773144138
1162,77.84852530511874
1163,78.47649685782093
1164,88.53386371590723
1165,80.0266417329648
1166,67.1692135423298
1167,66.38569011821696
1168,69.85844827006187
1169,78.08375059165341
1170,78.08375059165341
1171,77.14252747700893
1172,84.89273947788108
1173,36.948849834901075
1174,59.272016893164086
1175,31.701932107842822
1176,16.122714054125804
1177,56.11586334733103
1178,59.49422033130603
1179,50.45291153945181
1180,36.7232543880582
1181,72.06357750045807
1182,77.14252747700893
1183,72.54323144189735
1184,65.36508635359345
1185,95.36455808094126
1186,30.223959888917427
1187,27.878390667588622
1188,26.382716629117628
1189,64.15048499675473
1190,82.3832250984741
1191,121.62606714226149
1192,121.62606714226149
1193,81.74142920842512
1194,90.85540081205727
1195,118.76284643984935
1196,71.53753231354253
1197,76.10932132512538
1198,71.56337050372403
1199,77.34924946075309
1200,75.64733916018336
1201,79.6633733804675
1202,80.99987108940941
1203,77.09624809084428
1204,34.8393846346897
1205,79.02798875223807
1206,39.44012250987737
1207,33.26190779349431
1208,37.66074975563178
1209,16.89064632594872
1210,16.13636215264058
1211,16.62079017296677
1212,19.648465843847223
1213,21.70613461804913
1214,67.83433851412501
1215,86.07664773456113
1216,85.40370987868833
1217,86.69090697842059
1218,77.60699346466785
1219,44.768088759667954
1220,29.64708339474924
1221,22.24788328419414
1222,28.088063550621694
1223,24.994112299285582
1224,37.04552281572602
1225,56.72700700655019
1226,20.048489840741745
1227,37.205658389631004
1228,71.90837181019474
1229,81.53114783288767
1230,17.710083167137096
1231,45.427772112805755
1232,50.77045664782468
1233,16.39556888952801
1234,19.21477592195991
1235,34.2114256466444
1236,60.91388080386304
1237,22.94548235972224
1238,24.737349488361243
1239,15.224633384651353
1240,14.050876359764517
1241,12.444174204500584
1242,37.09952795484496
1243,35.015683423654465
1244,91.50515809240223
1245,83.07722115189564
1246,86.40288862220112
1247,15.62009905374594
1248,11.416988416783
1249,19.948812870198896
1250,82.29337980534379
1251,48.1180838693716
1252,94.32264325858485
1253,24.913336725943854
1254,31.905296304424763
1255,43.44841808273172
1256,36.03569739977958
1257,26.261535068404804
1258,88.98510622708345
1259,88.63198712287401
1260,85.97006247562398
1261,82.91552907051256
1262,43.44841808273172
1263,83.22785042818917
1264,40.46330266494827
1265,42.35110083490008
1266,41.31206868035634
1267,12.28887768851209
1268,35.274044512306695
1269,66.46135453939436
1270,73.57805076825206
1271,37.17079135025161
1272,36.110429734924274
1273,18.374932437724148
1274,22.476361149835814
1275,59.35228571133463
1276,76.63900926502211
1277,78.14701353730727
1278,79.02798875223807
1279,72.47651794965971
1280,56.74489850820789
1281,91.32820838844977
1282,85.18655698866955
1283,91.11781785032981
1284,50.36661423955598
1285,81.64293299294835
1286,84.2390385092099
1287,71.93187703993759
1288,38.00703946177814
1289,78.9931700189416
1290,64.94124085834521
1291,35.23195973274126
1292,73.36270164920263
1293,97.38846902525266
1294,78.04681010056929
1295,79.34463197941001
1296,78.04681010056929
1297,1.156806504591693
1298,55.915703015041075
1299,72.69252118241583
1300,48.3978121917974
1301,70.6934225329911
1302,64.86343662320577
1303,62.28273564869503
1304,75.16327049166912
1305,68.57720178635995
1306,33.24915987455309
1307,62.401341299196254
1308,46.491394027637284
1309,32.82755610294509
1310,40.58123847882745
1311,81.41752147779646
1312,42.62135030347259
1313,40.760689869831026
1314,41.68232979212614
1315,25.948166518973892
1316,34.05352778295996
1317,7.405994231889958
1318,106.95478609244564
1319,90.98936111263986
1320,92.52798412664393
1321,30.40913528147801
1322,77.46096482390931
1323,59.800241958707815
1324,23.128133107947384
1325,35.72524220159044
1326,49.53039421044299
1327,28.96699959682719
1328,56.67889010628631
1329,73.62529154945575
1330,68.79644691410248
1331,68.08570172459818
1332,67.9998371640769
1333,50.11193261650327
1334,53.19984813000245
1335,78.0124175272499
1336,79.26783457531516
1337,56.80700824180133
1338,86.40288862220112
1339,86.40288862220112
1340,86.40288862220112
1341,86.40288862220112
1342,26.53060931657759
1343,26.519051883841254
1344,8.416895125462
1345,83.19272098343046
1346,66.43127355692376
1347,55.377669506169134
1348,68.72053149982375
1349,53.3132891423337
1350,47.97942313622767
1351,87.86699103387457
1352,58.992941224407176
1353,88.53386371590723
1354,65.8695063035478
1355,52.843309789095144
1356,50.12844230085323
1357,107.61361948971992
1358,85.15338772073038
1359,85.9243598069904
1360,39.34607932143109
1361,44.14443216617861
1362,118.76284643984935
1363,90.85540081205727
1364,57.46963228320704
1365,20.799030528112265
1366,21.142894813131527
1367,7.094502375478783
1368,16.618607290709697
1369,42.09887530021501
1370,71.5613485529507
1371,87.6356484647832
1372,39.65969155563157
1373,70.07568799314552
1374,45.31647968921035
1375,61.14271519725529
1376,34.64216338690025
1377,45.58732881372192
1378,39.28268290875974
1379,20.110947370730425
1380,99.63531848327274
1381,128.70619936574158
1382,77.14252747700893
1383,57.428610305665885
1384,86.805725158437
1385,83.73971086249564
1386,83.05842342466609
1387,86.40288862220112
1388,74.7881878830528
1389,86.40288862220112
1390,50.5262073801071
1391,81.6329478781429
1392,58.1411227150241
1393,59.93193785574744
1394,56.27210178313048
1395,83.3067413735801
1396,56.819655199415976
1397,30.67465235899767
1398,26.319314865385017
1399,9.306502295171752
1400,92.63560326206205
1401,52.19032319391448
1402,32.55657413259781
1403,20.57300708961444
1404,30.641323226127437
1405,78.04681010056929
1406,81.47665398686584
1407,57.56365483576803
1408,66.2146609409361
1409,83.0394470853805
1410,74.80261143104943
1411,20.626117559129124
1412,26.08198628001652
1413,25.438435006380356
1414,26.177478015996638
1415,90.10393276150536
1416,77.28396030425891
1417,91.26409528746771
1418,84.89273947788108
1419,116.79359766062761
1420,59.293636701458
1421,28.050712109081132
1422,73.08286455941152
1423,76.75859429112896
1424,59.75416696978994
1425,90.93139240157562
1426,91.27651709091631
1427,71.70646422476868
1428,56.699421399647576
1429,73.05386396050226
1430,83.9590782870365
1431,70.06742470121915
1432,86.84347115452887
1433,86.64542663969277
1434,91.7779716173211
1435,25.81677588642449
1436,32.22137572379568
1437,74.84926850592649
1438,63.54114975776479
1439,44.2615219831131
1440,41.61834226943002
1441,49.48029702792127
1442,66.99378225757462
1443,83.76739197163053
1444,78.93848318066868
1445,48.395554844856846
1446,48.99843943394798
1447,0.9221532243768136
1448,1.5392578746547927
1449,0.9310811114763541
1450,24.237765423086035
1451,15.715492061043202
1452,19.20197410593764
1453,7.226928928839736
1454,7.226928928839736
1455,92.63560326206205
1456,41.11251135456994
1457,16.967616674580235
1458,37.7674930462207
1459,56.11586334733103
1460,27.382172518691107
1461,27.164189848041417
1462,34.25861960325437
1463,61.00595301157968
1464,50.93374965732734
1465,70.20871705531032
1466,65.0010769799766
1467,116.33467475334233
1468,75.53209164190147
1469,56.051295547868264
1470,41.9072597478732
1471,51.436763163278634
1472,55.80391144555474
1473,11.222180480329287
1474,39.992406131137045
1475,42.90637033992855
1476,39.27542762154691
1477,37.782988319431794
1478,9.386777611572697
1479,13.586777879624751
1480,18.388090220393703
1481,30.30517313341511
1482,90.58570901471111
1483,85.86277394614373
1484,85.47035138291362
1485,64.66736136549721
1486,61.2667087936936
1487,66.99378225757462
1488,75.2792451453229
1489,58.04749638860023
1490,52.59138823866629
1491,74.87404463700061
1492,67.21667235772176
1493,61.298935594570864
1494,56.055472813874374
1495,74.32214694725154
1496,47.73792571675204
1497,88.37799986786092
1498,52.59889605848053
1499,89.29943807809515
1500,82.25420250585445
1501,55.853272031382666
1502,36.233174845072746
1503,72.93560596360817
1504,67.9287923833677
1505,59.597201277977796
1506,46.85993317521288
1507,38.02926475219539
1508,21.10156686691763
1509,85.74894100862187
1510,81.12379963906389
1511,128.96376711043044
1512,15.569393075711838
1513,58.357048844290304
1514,56.74489850820789
1515,68.26088408146525
1516,52.63745784707127
1517,81.8039453265219
1518,69.17598395993373
1519,79.94186462798109
1520,79.64920775959794
1521,71.89534562860972
1522,54.84648286015482
1523,77.46164552796026
1524,81.07554405240195
1525,44.58881882282498
1526,82.21846849242536
1527,76.98001652637832
1528,67.70542603371489
1529,87.41807555381881
1530,78.40369288574944
1531,20.77100292399124
1532,20.502745750496583
1533,18.397041098903344
1534,22.88673349992532
1535,24.341860318719515
1536,29.972354115684926
1537,66.00577668045956
1538,71.22250028273587
1539,23.7195808693302
1540,35.23195973274126
1541,81.51749082494123
1542,21.64295104689955
1543,19.61365478882671
1544,19.128409419129973
1545,20.759673216375166
1546,106.51610299110364
1547,124.93958204958865
1548,114.43407180224003
1549,114.28388135617433
1550,96.34807531683623
1551,98.74105014796302
1552,132.1585316556447
1553,77.23246276746984
1554,84.33820243432035
1555,91.94171165455289
1556,90.8314530602996
1557,85.56120769831001
1558,78.08375059165341
1559,82.28249534100836
1560,91.7708836557476
1561,38.74541106189286
1562,50.011086871354685
1563,43.08470168336459
1564,28.59587502595381
1565,38.349014355259364
1566,38.26740659686792
1567,53.57782021721223
1568,56.74489850820789
1569,122.62936526371996
1570,50.36661423955598
1571,8.050612548302253
1572,27.922460828827152
1573,21.142894813131527
1574,40.505104256042834
1575,32.82049524791684
1576,70.01250667402509
1577,52.97786033777866
1578,21.785999292083122
1579,33.371528641050716
1580,40.43272377904271
1581,40.581770226234426
1582,27.77917751287904
1583,86.40288862220112
1584,86.40288862220112
1585,21.364289709934997
1586,30.32235504037411
1587,16.616624089696085
1588,56.74489850820789
1589,58.16760789132642
1590,53.10823610884301
1591,21.67951457303079
1592,83.78563441509176
1593,76.4326324606625
1594,91.63281777768204
1595,91.30800834393774
1596,86.37580421062253
1597,75.86910203620816
1598,76.56004101670615
1599,36.03569739977958
1600,36.03569739977958
1601,23.049707348741126
1602,15.252804511583621
1603,14.96646117091085
1604,76.98001652637832
1605,70.39268148170255
1606,77.65299583036605
1607,23.41146100332497
1608,76.41712611810927
1609,89.80929661978698
1610,76.6183870369844
1611,69.76424240530561
1612,86.99715687498534
1613,75.04448918756543
1614,79.8229166012475
1615,32.74763534428666
1616,34.315444568957595
1617,24.994112299285582
1618,83.65765495732764
1619,39.15528941674359
1620,40.06087395549803
1621,84.53367129349424
1622,24.237765423086035
1623,25.447716831131363
1624,83.99235815226385
1625,83.34351508259418
1626,87.9658564333105
1627,82.87502305448741
1628,62.12872775849179
1629,88.51448523466559
1630,8.877804030386887
1631,32.23149762306668
1632,41.15602308985431
1633,60.3132925512538
1634,64.52256241549154
1635,21.67951457303079
1636,20.772849371939426
1637,27.678700947980367
1638,32.06456092972091
1639,31.321569622688916
1640,21.43718925493724
1641,23.86980584465633
1642,24.956449811328376
1643,11.36560386987811
1644,25.606220876202933
1645,20.223519820462087
1646,56.13354431445498
1647,58.14477535810663
1648,45.48298540137388
1649,86.88471362245023
1650,36.66412875964782
1651,21.836228401700748
1652,56.25059007437744
1653,85.12209192218677
1654,85.12209192218677
1655,85.12209192218677
1656,24.821175684009518
1657,48.30231355181426
1658,77.18010482901016
1659,63.979026612544374
1660,77.46096482390931
1661,51.717829088289214
1662,78.72748224649827
1663,82.87502305448741
1664,65.88691845609875
1665,46.07349545174797
1666,41.31177430270269
1667,89.04259132761374
1668,108.73429922446515
1669,107.1884918953518
1670,104.59156877886221
1671,74.4200283412688
1672,37.64530560380077
1673,105.83968264629952
1674,96.55006505301803
1675,96.14186513668514
1676,111.77470968933277
1677,95.72578647977
1678,88.17140617838777
1679,80.62460801281964
1680,59.392538933720424
1681,75.42761459087173
1682,38.372081007787465
1683,73.39286751989232
1684,124.62291086747543
1685,122.0721558216452
1686,57.05715776141949
1687,71.92074737077492
1688,55.884278263829785
1689,45.203699869537964
1690,46.072869631081645
1691,45.040841541282965
1692,21.83338080851039
1693,106.81185115733844
1694,87.98560560984289
1695,86.86032666652423
1696,22.54305438117776
1697,20.081171925971272
1698,19.247408121790397
1699,28.46687502529263
1700,64.03222244344593
1701,88.31779899689911
1702,72.65862530206793
1703,110.37186798088817
1704,96.29716293687021
1705,126.19867138200526
1706,22.345583745813425
1707,60.397043488469386
1708,63.00621385474544
1709,37.78737489818132
1710,64.03222244344593
1711,34.36643734229363
1712,27.8844242151908
1713,24.994112299285582
1714,11.11692228590832
1715,13.008986414137402
1716,17.260069342696728
1717,20.56787761374082
1718,10.775429863414118
1719,25.565563510171014
1720,91.04578109397265
1721,95.16201507804239
1722,32.43564653032682
1723,25.08909574907306
1724,25.269034981850666
1725,72.00301125584271
1726,24.102017009052965
1727,14.920424328745025
1728,31.73109043195546
1729,24.600690833835383
1730,14.842941479699737
1731,21.155184380318182
1732,84.2693605716541
1733,82.96684206686368
1734,75.3998236510618
1735,11.163539538867527
1736,16.53611166512329
1737,91.30800834393774
1738,14.916675556047549
1739,21.234762923849313
1740,82.1615807433376
1741,54.38137960387264
1742,14.512246915891541
1743,80.00061355787622
1744,15.561581947461752
1745,16.803494425685347
1746,33.97286996867583
1747,35.087892413206745
1748,47.29312070327892
1749,44.327373839057884
1750,82.37910007411017
1751,83.09525176378918
1752,88.04413436379176
1753,8.819145114182815
1754,9.190713695531153
1755,10.600226202245084
1756,8.82783335910928
1757,9.190713695531153
1758,9.361380536767658
1759,75.53209164190147
1760,86.12497842287931
1761,93.42611069143905
1762,93.37116428111243
1763,91.11701702683467
1764,16.742874576598453
1765,62.214863316764536
1766,77.89352562667686
1767,46.0323285970329
1768,82.87502305448741
1769,27.38607503144269
1770,89.15827354133877
1771,84.92595756983651
1772,81.69981240184511
1773,84.57006285023343
1774,35.658175255665974
1775,35.658175255665974
1776,28.58840429337388
1777,19.24248394760337
1778,28.027747259217552
1779,31.249541526344338
1780,29.798222320291185
1781,68.85895023133119
1782,69.2398489008706
1783,71.37831511459044
1784,68.2132928432201
1785,28.024394731460365
1786,24.255052309130964
1787,31.129895295587556
1788,97.6481476095985
1789,11.245661631567957
1790,109.91938308661035
1791,116.5518898686098
1792,75.33776498267352
1793,55.06326804766429
1794,51.47504876765424
1795,74.61760648427233
1796,55.51477219521071
1797,78.16390554439651
1798,78.9344930296189
1799,78.85147493755001
1800,17.64550569690596
1801,15.444437580850293
1802,13.245950155739182
1803,12.107225141834563
1804,10.815630900790927
1805,3.887750180430148
1806,3.5848291210034664
1807,10.795006000884499
1808,24.978632622630986
1809,84.382501349425
1810,56.80700824180133
1811,28.244795068630708
1812,10.341081009782927
1813,8.266661697533324
1814,91.89625460714764
1815,88.98111154305393
1816,19.259956369591418
1817,14.557140611179035
1818,8.35020850996985
1819,6.2971176602271
1820,41.47201254990851
1821,39.61478581153794
1822,28.591175526339395
1823,78.96528310586689
1824,29.11676263563276
1825,26.630872646415803
1826,24.335835535940785
1827,82.4515670785685
1828,75.2795702421872
1829,63.971334170404326
1830,59.49579502894219
1831,63.40772064225069
1832,36.75676450294338
1833,37.11403985097189
1834,12.550743397416909
1835,13.267891167925209
1836,40.995889857418156
1837,38.33214530359487
1838,34.54962183430853
1839,50.31017254886367
1840,61.866831095422306
1841,89.13599265348488
1842,73.88946419586105
1843,1.156806504591693
1844,1.3667106464405818
1845,65.90999340211285
1846,52.34147895137985
1847,49.14203855327129
1848,91.32820838844977
1849,28.879644032596673
1850,8.050612548302253
1851,32.21594446021981
1852,21.364289709934997
1853,35.23195973274126
1854,43.44841808273172
1855,71.6786663738297
1856,77.38357087478485
1857,88.65109163028133
1858,41.26903897475296
1859,29.545512824307355
1860,17.492280528298533
1861,75.84491306634474
1862,75.84491306634474
1863,31.5740785350399
1864,101.67907535578159
1865,100.19563800656489
1866,105.97390485529571
1867,36.03569739977958
1868,29.089659399086674
1869,22.82275927831592
1870,19.62274774752976
1871,20.027289198136863
1872,23.568481046862253
1873,24.255052309130964
1874,65.30748219995095
1875,47.14946318269118
1876,29.616890051742978
1877,43.0791062978153
1878,88.01095849453729
1879,84.51567799356576
1880,25.27888473771463
1881,97.99515297451902
1882,93.71616784537015
1883,90.72989901960123
1884,39.90532228863232
1885,91.6542986473419
1886,88.73252026335844
1887,84.86147901320143
1888,82.21846849242536
1889,5.958084770122908
1890,28.098944921736397
1891,13.502303899872345
1892,37.96008127207984
1893,23.09488760345718
1894,14.849800311155466
1895,68.85330310874727
1896,69.59123831504618
1897,31.792921805228133
1898,12.557803981693626
1899,21.447280189484637
1900,31.89791151828587
1901,115.36761310118833
1902,77.14252747700893
1903,77.14252747700893
1904,85.39219228232945
1905,73.13730445621216
1906,72.72887839443368
1907,72.55292041557725
1908,88.3198363278816
1909,14.025978287332084
1910,14.93867217127266
1911,19.104584173628513
1912,4.663781820453464
1913,67.55075427176075
1914,26.980291857545037
1915,28.098944921736397
1916,35.23195973274126
1917,26.476931604582514
1918,28.209355913361446
1919,34.026458066826116
1920,31.61171567718171
1921,29.167415450994366
1922,34.36101004334394
1923,4.5559035734924
1924,3.7463763692527166
1925,15.51980869122731
1926,17.591483673493084
1927,19.26456358698735
1928,31.87229929588244
1929,43.99177696670643
1930,49.55644154154613
1931,25.645021085874195
1932,3.1150082158235497
1933,3.073897518685006
1934,4.5559035734924
1935,36.453588771018815
1936,41.20929675268021
1937,43.935753144883684
1938,45.952503836131434
1939,18.374932437724148
1940,79.16899844704811
1941,21.82347012081807
1942,20.15595984529583
1943,20.538474659014955
1944,20.799030528112265
1945,21.082916146921406
1946,13.44459853401859
1947,21.738484770498435
1948,21.738484770498435
1949,16.70035384038565
1950,59.047704351947566
1951,23.455338095399735
1952,9.386777611572697
1953,30.056138600637308
1954,4.30507057308967
1955,4.257323940140833
1956,88.23469071292554
1957,9.386777611572697
1958,4.267748448485845
1959,21.897200651704434
1960,21.44777948037566
1961,3.5869040234584912
1962,9.74398713411789
1963,11.435285283189929
1964,11.810702371398131
1965,11.810702371398131
1966,10.988590845019322
1967,11.810702371398131
1968,34.151995484196156
1969,111.19743805046758
1970,108.85570169918378
1971,82.6745004993733
1972,67.92030363628935
1973,43.969337911256176
1974,34.7794598230862
1975,41.23036386536054
1976,47.65220785921623
1977,48.84619335100568
1978,48.04685231189272
1979,29.616370772346567
1980,38.9880836504862
1981,71.88148101698178
1982,65.51929408815296
1983,66.95723523843773
1984,42.32895307329687
1985,52.238088130319
1986,57.09182814349806
1987,57.733832755506576
1988,43.41961759124756
1989,80.11204244670924
1990,6.307316017661021
1991,65.38947353464661
1992,61.42984051254594
1993,23.543442171893
1994,27.325526857183245
1995,83.90891106951953
1996,3.968195875809786
1997,3.968195875809786
1998,2.139474585698119
1999,2.139474585698119
2000,3.4074232455466844
2001,3.968195875809786
2002,5.2876120688829875
2003,3.533891770706093
2004,7.859068035547394
2005,4.828140074020027
2006,9.928983102109637
2007,32.21594446021981
2008,18.419103393399123
2009,9.571189484084282
2010,35.04077840271024
2011,2.4875911298623237
2012,35.04077840271024
2013,10.599296884801626
2014,3.4043016837798836
2015,9.386777611572697
2016,0.9294061931751447
2017,3.9074801058172564
2018,0.6416178320230405
2019,72.96239907334754
2020,70.40562893995627
2021,69.61638005060844
2022,74.13592882465214
2023,7.626870528277601
2024,35.04077840271024
2025,0.8284007811049727
2026,101.01776436641605
2027,96.8526143560341
2028,29.264873968591992
2029,35.147935513515236
2030,9.826047162332571
2031,34.09067918104309
2032,3.1058569381445613
2033,4.863657190304704
2034,4.370659365499463
2035,52.64631781447793
2036,52.238088130319
2037,46.74046182495995
2038,57.733832755506576
2039,57.42848711821987
2040,42.32895307329687
2041,5.164058627722414
2042,8.167804530474347
2043,50.472469185142565
2044,81.06567822697772
2045,46.82660525252381
2046,66.28745067794905
2047,3.160031375576375
2048,1.7761534548963185
2049,1.7228296919605426
2050,1.3250568557125537
2051,0.6416178320230405
2052,4.039739369463452
2053,4.546875896231657
2054,3.4021308588228574
2055,8.607986744666356
2056,13.20854962943218
2057,3.6631163361415213
2058,5.383169918439739
2059,6.468917996429967
2060,5.041753485102142
2061,6.798240534941342
2062,6.243001343918835
2063,5.665371233093483
2064,5.3577203155071755
2065,33.4959440320118
2066,69.84309815579151
2067,70.50400388088305
2068,68.77307568262188
2069,75.09773071407461
2070,2.854034288190668
2071,2.621217856126442
2072,58.25438813771747
2073,47.82104595641607
2074,34.83438148871713
2075,31.653021782856058
2076,42.04914946959567
2077,43.029407440670994
2078,42.21044154045713
2079,78.527001421608
2080,77.34722779272876
2081,108.2437839027742
2082,108.52138262170865
2083,12.943953915555666
2084,67.70196138905459
2085,67.67351438478683
2086,69.3315881950529
2087,27.896748721962727
2088,23.05344498639698
2089,0.5908099932337744
2090,5.867907888857545
2091,8.898256956205776
2092,3.7573943484232752
2093,5.62941173372075
2094,8.549143107745314
2095,9.081748890823217
2096,9.239736856740356
2097,9.442693772659213
2098,9.403099130926558
2099,0.893759643178276
2100,0.9221532243768136
2101,0.1702244216830933
2102,6.912856531709609
2103,3.953419780607557
2104,18.493179596484
2105,27.962541655179496
2106,28.487567741871278
2107,8.161740082351665
2108,5.967507594454948
2109,35.04077840271024
2110,34.991253274227674
2111,26.3697980307127
2112,9.73259853275977
2113,7.0318339654902315
2114,103.81248601246668
2115,95.41034725737516
2116,95.44616057088369
2117,86.40288862220112
2118,0.9036801505394233
2119,10.145327192602865
2120,6.319051554283331
2121,6.216182063147493
2122,2.9798145212425844
2123,5.03027381322407
2124,1.8127449949926213
2125,3.7947741212671495
2126,0.2058786337894562
2127,4.646518065469226
2128,6.0863118344756995
2129,2.8782388118978575
2130,14.765854459099995
2131,14.110300714978848
2132,9.895855466056494
2133,1.8127449949926213
2134,32.133923228108955
2135,6.0863118344756995
2136,6.622807973586791
2137,6.158511745820116
2138,4.104180734168286
2139,1.3393240619272617
2140,25.993209872944668
2141,19.973039926248955
2142,3.630578009602527
2143,3.69680589264258
2144,3.6052288398102372
2145,3.764310338440777
2146,3.764592713344189
2147,2.2300466626600133
2148,2.8572082902570837
2149,2.8692680857214867
2150,15.159818876407652
2151,18.161602798617896
2152,29.86864189195714
2153,22.890597399899814
2154,23.586370166576348
2155,17.336734745246268
2156,18.888880601274998
2157,96.45819892964433
2158,71.61152059817444
2159,8.292247081518594
2160,20.799030528112265
2161,9.386777611572697
2162,128.97268493649023
2163,1.7761534548963185
2164,0.9414896275039195
2165,11.739174552196832
2166,1.2952079827655898
2167,0.5261802706302282
2168,5.212715698340156
2169,3.693582264272436
2170,4.267408680648063
2171,3.964319752223679
2172,4.239112814766711
2173,5.414724684640579
2174,3.978239381175083
2175,6.685019306182193
2176,3.8159978520546916
2177,4.6877222420284825
2178,4.772498584937205
2179,4.835228413653206
2180,4.385334341961324
2181,4.873773399740252
2182,2.8886639619622843
2183,4.2722460680615155
2184,3.001970675065795
2185,13.223894023013841
2186,0.8751241982085222
2187,7.4601261168244575
2188,3.9344966991454777
2189,6.797143445374457
2190,6.122849761738858
2191,4.023326152939741
2192,3.8310125588143444
2193,4.325562372869459
2194,3.6005318782339186
2195,3.7084931739698987
2196,3.027924218370753
2197,2.5362667001588153
2198,3.458599158609498
2199,3.219348828792505
2200,3.3113948478807935
2201,3.716195408518277
2202,3.458599158609498
2203,2.1228394121956926
2204,5.793569767376604
2205,1.8127230488105426
2206,9.826047162332571
2207,1.0060476562647407
2208,2.3321110870153676
2209,3.9213719985680684
2210,3.0100937108128956
2211,35.04077840271024
2212,34.14261037515115
2213,3.444991027846665
2214,2.7379604579623353
2215,9.027907203035783
2216,3.968195875809786
2217,4.137531246470203
2218,6.250754965802684
2219,34.14261037515115
2220,0.9371243665711978
2221,1.3257930327581064
2222,0.12761793584366193
2223,12.946703844433566
2224,2.431893052515478
2225,1.5545449924544668
2226,1.5007184801718014
2227,5.894094307267591
2228,7.626941144669329
2229,4.648618325899564
2230,5.343639213820748
2231,5.249819871845615
2232,0.10319185005113392
2233,1.987303900873347
2234,1.442828401109141
2235,35.83127396268604
2236,27.077857210578834
2237,35.04077840271024
2238,36.76716128307982
2239,30.596458189207265
2240,35.04077840271024
2241,4.828816252934041
2242,4.771593453532739
2243,1.4905368371337608
2244,1.5553563612406198
2245,3.8669415438665697
2246,3.6002091161630174
2247,2.2926853792989617
2248,2.0653847906939307
2249,4.234318202619986
2250,4.8764290308141165
2251,0.9414896275039195
2252,8.898256956205776
2253,3.4518908670465396
2254,6.272192604180241
2255,7.804276290179684
2256,9.472309274221052
2257,1.8066488837595807
2258,2.673529733364433
2259,0.4800254158758085
2260,2.1519022768061937
2261,1.9765014937163465
2262,6.466068001721368
2263,4.123197987765069
2264,5.800046475005262
2265,19.98329376489798
2266,19.910082071448716
2267,4.042325771358959
2268,11.220987507673684
2269,15.517097361561587
2270,7.334685767069468
2271,7.475199655176355
2272,6.977143506243527
2273,10.510899922863702
2274,9.112785705166134
2275,10.76780626921816
2276,3.6540674980097485
2277,4.692386773308505
2278,4.74456363206056
2279,7.476084919777535
2280,3.3613547504577204
2281,4.998829875223878
2282,15.052315866304403
2283,10.5628567064541
2284,10.5628567064541
2285,1.924829209776655
2286,3.196066621236278
2287,1.4686981394219167
2288,2.3735024302041303
2289,9.035973179880473
2290,3.221245217859017
2291,2.61457875672946
2292,2.7701247118606047
2293,3.7921629003398647
2294,2.191354441571803
2295,2.773075924841072
2296,2.762124181698997
2297,6.241184559417905
2298,8.370351266941563
2299,5.586463164594933
2300,2.6984159868272997
2301,5.149414178927553
2302,5.3161074793467185
2303,5.50242591187977
2304,5.2320852007920235
2305,3.4847622174329755
2306,5.7048438198130285
2307,5.009961580668429
2308,5.402767029339428
2309,9.556493348878224
2310,4.953886059046489
2311,3.8417411448882306
2312,2.1302839328523513
2313,4.123460416414621
2314,4.571086783299326
2315,4.280612329103351
2316,3.977584536544112
2317,6.007150766857265
2318,6.007150766857265
2319,8.110088941806778
2320,7.873549867155304
2321,3.7484904779006123
2322,6.631663220292812
2323,8.073744596914278
2324,2.8823965651354664
2325,3.5338392277331496
2326,5.143398976247311
2327,5.425696142065189
2328,9.721762300552985
2329,11.35529939246488
2330,3.7032471922653243
2331,15.488744716900765
2332,5.190673687990992
2333,4.654850051951977
2334,4.095625343858092
2335,0.5261802706302282
2336,3.6047388662740945
2337,2.335992352128433
2338,4.6710305596527855
2339,3.07105416569565
2340,3.368060843834239
2341,0.5309959355744176
2342,1.1946659750331192
2343,3.9662336940728062
2344,2.2949347307199544
2345,12.308643909635421
2346,4.200011187264326
2347,3.974811006680185
2348,0.34533108591979583
2349,1.8409331888665719
2350,0.6655035878326101
2351,3.0396611276043695
2352,4.397555808321101
2353,6.419037300120103
2354,2.4285368271156855
2355,6.000117798404761
2356,3.3183826959657496
2357,11.112195203934897
2358,7.543488142461007
2359,0.2494082642366686
2360,4.8600841511943225
2361,7.025393981731845
2362,0.32908703608734047
2363,3.6937606859956005
2364,3.671509402616831
2365,4.262947674184376
2366,2.060256054124221
2367,5.113842459499709
2368,7.3749691301563365
2369,10.767385884533743
2370,2.7979691571766443
2371,10.71915741569956
2372,14.766133083579865
2373,3.136256548998991
2374,2.904699254464282
2375,4.066957510750462
2376,34.097711301307044
2377,6.662460913899015
2378,1.6564385314568995
2379,2.982130094398349
2380,8.385591854927112
2381,2.6561065366382066
2382,2.4772162365297494
2383,5.839879987522586
2384,8.683783102900316
2385,3.6117232807591857
2386,3.5493058036138896
2387,5.596902615341704
2388,9.571047801216753
2389,2.2225407543821984
2390,6.617463450632302
2391,3.294491525013661
2392,6.886021899379221
2393,5.562904248785307
2394,3.7084294580182093
2395,5.279347289323823
2396,1.987303900873347
2397,3.674442205544034
2398,2.4208478697202307
2399,6.466004936674982
2400,2.5159510705993258
2401,3.508490837387827
2402,6.0296345464047665
2403,5.227518922258186
2404,0.23277992792212404
2405,5.124734052563449
2406,3.8850339427175307
2407,0.6963502586065639
2408,0.590974876072838
2409,3.366804128670833
2410,4.62391202504571
2411,2.6403490054934027
2412,4.351259985844154
2413,5.359125797797524
2414,3.7304631329638562
2415,10.474217379284612
2416,3.300728695063117
2417,2.4852318788415384
2418,2.555334333809251
2419,7.561351506897254
2420,3.686629682957775
2421,2.0696489633020363
2422,1.7254369262595142
2423,2.4504946408161126
2424,2.2195033833530364
2425,3.2191537138125232
2426,5.632242185500112
2427,13.323631960499922
2428,11.243266365231603
2429,4.1659274662821835
2430,7.097435219196798
2431,9.229899900874415
2432,8.596806292868468
2433,4.719426186856916
2434,3.5659890269449006
2435,10.544455110184225
2436,5.606525213761246
2437,10.094477574887017
2438,11.310904163383972
2439,5.994043878823255
2440,9.757261938566872
2441,2.1999805140977213
2442,12.801719424081943
2443,10.787823665985503
2444,12.040101871717166
2445,3.034126870057471
2446,4.072595065238302
2447,3.6380451250028223
2448,14.297252424776572
2449,7.255901791110334
2450,14.297252424776572
2451,9.81552247571338
2452,10.750928273351205
2453,6.1152280409702415
2454,2.0363586413059918
2455,5.935737432934441
2456,3.8790081648270864
2457,3.9154935568036047
2458,3.617074308012472
2459,10.755250363562029
2460,2.2573133882688814
2461,16.25128069277882
2462,17.42383071825002
2463,12.659428159647574
2464,8.750854591997633
2465,5.434780651046289
2466,7.501970952045844
2467,14.355651439210463
2468,16.308481436405863
2469,15.420044811989488
2470,4.87855980242233
2471,5.86140118597782
2472,7.511226343458908
2473,7.715331111151793
2474,8.484417776936857
2475,9.917676200638327
2476,9.303530988632518
2477,7.658353145760197
2478,9.383492527421271
2479,9.443477282106787
2480,7.374553557949969
2481,8.328599463514864
2482,9.672150766763664
2483,7.175859071889882
2484,7.671397013758367
2485,8.404217083303731
2486,9.171308811125984
2487,3.657649023007882
2488,7.763620726823194
2489,4.079520759275954
2490,5.3046475732667755
2491,7.369397378382734
2492,4.987173195934157
2493,3.768993434043005
2494,2.76054293657143
2495,4.730641010707264
2496,6.442880623118566
2497,6.454560425619903
2498,5.166392466279031
2499,6.950853193603954
2500,7.052511904862628
2501,2.5472107122593814
2502,2.6179229716839125
2503,4.67348556538369
2504,2.378693686840742
2505,2.6592157287704254
2506,2.649080300159237
2507,2.346878125594775
2508,1.3652270642703546
2509,2.165323761297333
2510,5.275626949552127
2511,3.5205580544036694
2512,2.728300936477765
2513,5.298305161293546
2514,7.603071386742485
2515,5.807535090572033
2516,4.0002595742897356
2517,2.891144892121448
2518,2.20078332519488
2519,3.074859828723048
2520,2.6436841280822447
2521,3.2962673330278087
2522,2.8711021097407428
2523,3.365652955153164
2524,10.2080381387819
2525,7.306269670958456
2526,5.149951081304402
2527,5.336413592675069
2528,2.7814001501261494
2529,2.1001624432768717
2530,3.616551999928349
2531,3.619684018594188
2532,1.3829407428419296
2533,4.177892930753842
2534,16.732048833894208
2535,10.039689285393573
2536,3.7897909479410967
2537,5.777255333284884
2538,7.721504731468121
2539,7.859068035547394
2540,0.9781137629040781
2541,6.975581441598641
2542,5.518415949003345
2543,6.480342472673352
2544,1.6110643540391458
2545,6.6110629930984155
2546,8.549143107745314
2547,6.973225286984342
2548,5.831704518136131
2549,17.42383071825002
2550,16.732048833894208
2551,5.303200561886091
2552,3.968195875809786
2553,3.968195875809786
2554,4.623697387938853
2555,5.4974682709286125
2556,5.717136527648724
2557,5.190673687990992
2558,3.8352636671866116
2559,9.43430535408005
2560,7.63025613721138
2561,2.1751091601974935
2562,0.6568688739047666
2563,7.592672776315248
2564,5.859597675131313
2565,3.1404419314246055
2566,6.825736340916888
2567,1.8829733377629037
2568,6.0863118344756995
2569,1.718239122569249
2570,3.160336286739081
2571,2.4439376651618288
2572,2.3347525254570476
2573,0.3444880005205902
2574,8.005516491870884
2575,4.929716178916571
2576,2.922647001763273
2577,3.774771365559168
2578,3.2841741954137342
2579,4.2589023037253755
2580,4.401511069944815
2581,4.162054696075668
2582,5.910881726450725
2583,13.087735669435911
2584,12.364594183932141
2585,12.637442103360284
2586,6.696759608177251
2587,12.484912505829929
2588,11.346428833204317
2589,14.914365818084402
2590,8.354271847217587
2591,9.126795810714327
2592,9.3162620170102
2593,8.875147580070378
2594,9.570010215428942
2595,9.536290271948783
2596,4.322606181303906
2597,8.221654333755412
2598,11.32742026492715
2599,14.707854489556661
2600,3.5338182437372043
2601,4.900623827836333
2602,4.007998071170096
2603,8.836221405176175
2604,6.8653888727508425
2605,16.125164837945654
2606,5.414062502114159
2607,2.843836942089108
2608,15.191229172337845
2609,15.074818721142874
2610,17.889139618669123
2611,12.388836133183572
2612,3.070415824268971
2613,4.33184838103822
2614,2.53071425669912
2615,2.965828961940183
2616,2.628480319893364
2617,2.6186853928741782
2618,6.036701266044986
2619,5.516741678895267
2620,13.084652207771665
2621,23.528730655776354
2622,9.142727504109493
2623,11.155828436969246
2624,3.978856850254112
2625,18.36418489809302
2626,6.222556498606264
2627,3.617677623167615
2628,4.110621086576663
2629,2.571589476319377
2630,4.835868709333861
2631,9.026988983015736
2632,2.584815856032024
2633,6.577889958277798
2634,6.96837668783003
2635,5.9402748017648435
2636,5.127448754587968
2637,8.389702502796538
2638,6.516278559583226
2639,9.76391264884916
2640,16.045135440420246
2641,9.483498167381955
2642,8.182364996712607
2643,5.564046093209931
2644,2.85275135834816
2645,4.234267103243918
2646,8.929625085263789
2647,3.861523152004895
2648,4.877418409663837
2649,3.0049559535120225
2650,1.146664120786772
2651,3.66201675751102
2652,2.679059770456149
2653,8.183216002046226
2654,3.5465034405675735
2655,3.2886474693505723
2656,1.336756342901815
2657,1.2418079722236117
2658,2.8463122420145446
2659,1.8992736137682102
2660,1.8141628688552998
2661,2.260457142015702
2662,2.2600301796703706
2663,11.237881312876198
2664,7.624805452050028
2665,2.476121452863705
2666,6.051089423435235
2667,2.0363586413059918
2668,17.42383071825002
2669,6.973225286984342
2670,5.831704518136131
2671,6.810664085576994
2672,4.079520759275954
2673,2.0750781720521005
2674,6.217200024009515
2675,4.407296274657871
2676,4.047586073510539
2677,6.968383081142747
2678,2.35290141052853
2679,2.903275201710384
2680,11.109401204948346
2681,2.7998893899812742
2682,6.24716164649635
2683,7.194545025978259
2684,3.4997398607074763
2685,8.182364996712607
2686,10.190943316958712
2687,9.76391264884916
2688,14.36705543338867
2689,16.738523145909372
2690,19.645777441737778
2691,7.658353145760197
2692,13.020646569682883
2693,10.268989337329986
2694,8.404217083303731
2695,6.656295728021613
2696,6.4612621206990495
2697,5.651811499771928
2698,6.802468854103945
2699,6.2039283322137235
2700,7.98952649721867
2701,8.154445083856832
2702,18.66482609315674
2703,10.142616962094168
2704,8.996432362260501
2705,8.843119028566202
2706,10.7064250438348
2707,11.347333883256898
2708,18.322839832067594
2709,6.972164002453542
2710,5.164058627722414
2711,6.9495704575098705
2712,8.204256443254847
2713,2.61974066173284
2714,14.553925402317105
2715,8.434715129364115
2716,4.525335865377142
2717,14.719787389690138
2718,6.71199721422457
2719,5.969835802787354
2720,3.2268334020870233
2721,4.862438101071022
2722,9.261270339579132
2723,10.059502104922254
2724,6.2039283322137235
2725,10.733863908470196
2726,8.06692597145114
2727,18.66482609315674
2728,11.612567457947959
2729,10.578449677239627
2730,15.945465907813036
2731,10.340174243626567
2732,8.527972324779762
2733,10.699888016225392
2734,28.24946619674143
2735,23.947799542207495
2736,7.160864784656419
2737,5.901664139106619
2738,12.02150100235856
2739,10.342992993110995
2740,3.987324506979473
2741,8.576236849860312
2742,4.709668533124321
2743,5.01982404286025
2744,5.2662507278689645
2745,3.0048726808770385
2746,4.763781925851396
2747,12.934247476147238
2748,4.859173889784794
2749,8.01626927235622
2750,1.894990417922673
2751,2.048186879862953
2752,1.6360653645713599
2753,5.051938417346856
2754,6.2039283322137235
2755,3.413231538562581
2756,1.4815980823123913
2757,4.668001930966369
2758,9.587366009314442
2759,15.666551752549424
2760,13.223894023013841
2761,8.315752856787041
2762,15.666551752549424
2763,14.275058648695374
2764,18.367248986062116
2765,19.788665713375025
2766,18.161938537194924
2767,14.941592398040115
2768,15.67939747993357
2769,13.255077517199622
2770,12.54968140596886
2771,15.180532326602341
2772,14.125005420367867
2773,11.101689032644995
2774,14.669375143140428
2775,10.087578329671473
2776,12.201680158051307
2777,17.816837043950354
2778,18.517287590944022
2779,19.10329467477204
2780,18.952156910806462
2781,19.90427383244367
2782,17.772991091712303
2783,19.950247325054267
2784,2.9993428846377603
2785,3.571795861106317
2786,2.9295192096721885
2787,2.940452641043702
2788,2.119487515318866
2789,2.1612589029503235
2790,1.2327938297087553
2791,19.971258986117835
2792,18.36418489809302
2793,15.666551752549424
2794,19.782881909964363
2795,20.220023749160248
2796,16.605315524479774
2797,6.13274754708747
2798,6.13274754708747
2799,10.477528051676158
2800,9.035973179880473
2801,9.035973179880473
2802,13.223894023013841
2803,9.84861945848686
2804,9.900375731964113
2805,9.111343551446478
2806,8.729154218842211
2807,12.06409214944851
2808,11.948126312739728
2809,12.999803662694873
2810,9.779905820288713
2811,7.578579552156994
2812,12.348580776321748
2813,15.666551752549424
2814,19.950247325054267
2815,6.428457926447401
2816,13.970381784843495
2817,10.349041503133671
2818,6.475423533051743
2819,25.77097834376116
2820,35.04077840271024
2821,35.04077840271024
2822,0.5908099932337744
2823,14.719787389690138
2824,15.945465907813036
2825,13.443705588458343
2826,9.261270339579132
2827,3.6178743181842625
2828,0.18120641671083212
2829,9.826047162332571
2830,2.936674525041458
2831,5.831704518136131
2832,7.611698048655212
2833,0.25563865026735816
2834,2.3769799816916617
2835,5.325630832371289
2836,24.793729338578682
2837,6.9654837549420705
2838,0.5908099932337744
2839,6.257587898329282
2840,1.5890412698439282
2841,6.110755537079852
2842,5.2279022425972155
2843,5.531663716603127
2844,4.005916338920806
2845,35.04077840271024
2846,37.34325927096073
2847,35.04077840271024
2848,36.050197244944705
2849,25.248987223047777
2850,35.04077840271024
2851,4.676126809144253
2852,23.075504372128247
2853,8.371488449922289
2854,17.337218019190484
2855,17.337218019190484
2856,17.337218019190484
2857,9.267812693208317
2858,35.04077840271024
2859,31.599614030131825
2860,14.719787389690138
2861,12.425691327708636
2862,28.24946619674143
2863,10.586124263150188
2864,2.547692562373862
2865,74.40427243259899
2866,4.6418891585293585
2867,5.6447552087569255
2868,8.3182962159912
2869,1.1925199269493005
2870,1.1925199269493005
2871,5.466119940676492
2872,6.2328417903321975
2873,6.134824199369724
2874,5.794537333443738
2875,6.303147642557178
2876,6.285968756517506
2877,5.843467371943254
2878,6.768624493396006
2879,5.061128665552563
2880,5.259609976322999
2881,34.631642185506465
2882,7.298512825838975
2883,30.29429202410261
2884,35.04077840271024
2885,36.32821338680757
2886,33.287245872396575
2887,29.915676022934946
2888,11.882467656634182
2889,10.217329449302044
2890,22.26443775108942
2891,19.889498192704053
2892,8.930922603556173
2893,37.586297771001355
2894,34.32394618205169
2895,29.853363405110706
2896,6.668616722765025
2897,5.691337713352874
2898,30.305335592798972
2899,26.36181251070945
2900,8.250909998671156
2901,3.5089030186221395
2902,3.8647477797907803
2903,6.734285738070805
2904,7.261417143907572
2905,10.07208347210978
2906,5.2142402129357714
2907,7.4758447790573594
2908,2.315007928317822
2909,6.735008185684437
2910,10.875661338229332
2911,6.4232369482422955
2912,4.465265390524385
2913,3.5375115491992823
2914,4.599214507792489
2915,2.161895592036856
2916,3.336493708229354
2917,3.0964721351616977
2918,3.8647477797907803
2919,1.4301517790189233
2920,1.708721919207777
2921,3.222278904190222
2922,3.204520635385713
2923,3.2207185024699982
2924,2.0806887422067715
2925,3.2190399858602965
2926,6.49753969176984
2927,2.2640674885598076
2928,2.2777091992996192
2929,10.060360910787285
2930,4.52698652978999
2931,5.247777494855527
2932,6.707401553408305
2933,4.649263765883284
2934,8.250909998671156
2935,0.2552355179545017
2936,8.484843557634258
2937,8.898256956205776
2938,8.470623627505843
2939,9.48371533573368
2940,9.86264226498779
2941,9.697102992243348
2942,6.976632330176112
2943,7.108087955305739
2944,4.515681223163035
2945,4.194333367785274
2946,1.4213645538967827
2947,35.04077840271024
2948,4.828140074020027
2949,10.875661338229332
2950,2.5855319936794237
2951,2.8438710903845847
2952,2.7674168358231825
2953,10.094477574887017
2954,4.153635804199399
2955,3.1459081737387815
2956,10.188325713685446
2957,3.9100932674125266
2958,3.416112621846374
2959,4.631373716952405
2960,4.823899596414703
2961,7.938014300912853
2962,6.004889620002075
2963,4.403407510911433
2964,10.228171070462045
2965,4.593902946898907
2966,7.630244425094554
2967,7.351104785225995
2968,6.71199721422457
2969,5.212894054998003
2970,10.699888016225392
2971,0.7964929370272292
2972,1.8979729413028381
2973,0.18120641671083212
2974,2.975599326076103
2975,17.656884196844768
2976,25.224130018328655
2977,16.987973062469333
2978,36.7799496775914
2979,13.304434755860266
2980,4.403050272128006
2981,25.77097834376116
2982,35.04077840271024
2983,28.618351236143724
2984,10.764613573750879
2985,2.9910977464682977
2986,10.831273000405199
2987,35.57599796506617
2988,32.617632110468065
2989,25.757944271295457
2990,19.591698573827408
2991,35.63930816328858
2992,0.043269658097270326
2993,0.042223602264079244
2994,0.03444249126150353
2995,20.39079120382924
2996,11.452152569481067
2997,2.8855264514096644
2998,5.276529392094789
2999,2.2302223501201057
3000,2.4205610533719137
3001,11.649093631359666
3002,14.719787389690138
3003,7.692176734454222
3004,7.226880584792605
3005,18.780490220734514
3006,6.912856531709609
3007,1.5014646239215044
3008,7.62096796759445
3009,1.5392835268993408
3010,1.4177179830519167
3011,5.843886588526461
3012,7.450528165826546
3013,5.866006547860183
3014,8.01626927235622
3015,2.8618516052639467
3016,8.161740082351665
3017,5.029946757382285
3018,4.493713649933783
3019,3.3134281119626374
3020,21.531292595159954
3021,12.04180834549634
3022,13.172804416504947
3023,6.6523595472894
3024,1.2327938297087553
3025,35.83127396268604
3026,13.506834570738873
3027,14.023508004483862
3028,14.765506621338218
3029,10.714880461814335
3030,4.429423663418906
3031,0.6733552292206061
3032,1.8736032902161857
3033,2.1210906386047315
3034,0.9849745855798597
3035,0.8915049219673268
3036,6.370389443452579
3037,4.963647820114916
3038,3.953794393777847
3039,9.242431047298824
3040,12.848166488891513
3041,12.123121890792932
3042,9.538066055704494
3043,12.54509199939248
3044,14.914365818084402
3045,10.790249903587755
3046,10.516423375366143
3047,9.059228169798777
3048,10.544086880034618
3049,4.385522306832598
3050,1.5318807611568415
3051,4.885782484586486
3052,3.221829120018206
3053,1.5991575740239123
3054,18.736294615096217
3055,18.304182128354352
3056,17.540068543300457
3057,17.28634408490633
3058,17.793124891464878
3059,15.074818721142874
3060,17.46559778581625
3061,17.98858735792378
3062,15.101887426974043
3063,11.870863947741254
3064,6.631171493768049
3065,6.338097320480365
3066,3.146591647284576
3067,6.670259756427639
3068,5.24684727587069
3069,7.37243804029476
3070,5.191740838374097
3071,4.477082917637234
3072,0.9090253992600357
3073,0.9143066533495181
3074,3.8277346602192357
3075,2.946470667474411
3076,4.186867246583916
3077,3.76585311662816
3078,9.196547582005294
3079,10.268989337329986
3080,5.950768419217163
3081,6.7926575958735755
3082,6.293697761780883
3083,5.804018208359017
3084,9.363433743343563
3085,6.253291767773018
3086,5.848274609799238
3087,1.6110643540391458
3088,4.780145835939257
3089,5.234751855210397
3090,5.49208390007764
3091,1.068251289064457
3092,5.848274609799238
3093,1.0360370948290678
3094,0.6357994545170254
3095,4.483521285402616
3096,5.226586718950515
3097,2.4946979081085034
3098,2.3786624223838095
3099,2.9606908555408844
3100,0.8093003482847918
3101,0.9819858551894455
3102,1.3549038138188867
3103,2.429093962967509
3104,1.393717666964759
3105,3.389520668668326
3106,4.0396660611087585
3107,3.1319438212473805
3108,3.5729990606229776
3109,3.4500056391912173
3110,7.7069553650373965
3111,4.215170517551543
3112,6.300580565748242
3113,4.945762016614741
3114,3.692986082563362
3115,5.34255950192709
3116,3.8395701486753855
3117,2.336672025873026
3118,3.7897909479410967
3119,7.027009108980898
3120,2.7986793297324524
3121,5.59352552351979
3122,4.3950840795873924
3123,2.757066446091098
3124,16.104007491793457
3125,16.00588106562284
3126,11.870863947741254
3127,15.762015548022415
3128,3.083991146834267
3129,3.5251929845156673
3130,3.548360826480405
3131,2.817747710966631
3132,11.419177482191236
3133,8.74782328887452
3134,7.555070993397917
3135,8.216918041849386
3136,4.103307577768386
3137,5.460115284011607
3138,9.32222102887257
3139,10.187560200013678
3140,10.738931826982512
3141,10.801404283038355
3142,7.94977418827685
3143,6.085067031317335
3144,8.489919394030563
3145,8.898256956205776
3146,8.549143107745314
3147,9.826047162332571
3148,7.107208991226893
3149,4.122902363430556
3150,6.300580565748242
3151,3.817273181625367
3152,1.139857129081738
3153,3.3144091372344127
3154,0.32908703608734047
3155,1.1777897351688542
3156,0.45141214199217605
3157,0.2949426533410563
3158,0.16413801898380506
3159,0.16669966983699655
3160,0.2155273132787822
3161,0.0998706266874977
3162,0.08777292973392532
3163,0.9239999917953947
3164,0.39656147464008956
3165,0.6526353666439081
3166,0.6345775259674049
3167,0.3466603215851952
3168,0.2232263784691595
3169,1.2806460464751552
3170,3.445311470490121
3171,1.893755805963812
3172,2.693748449281312
3173,2.185118799712041
3174,3.67177676633981
3175,1.6632622651842746
3176,2.508568830414215
3177,34.09067918104309
3178,6.530743101091514
3179,3.353661809214891
3180,9.476940104385298
3181,8.794723745929593
3182,9.004932781403943
3183,1.9047988657305772
3184,3.3509167587210684
3185,4.1784638043184446
3186,2.888674923676242
3187,8.629925854928514
3188,8.172255029556892
3189,8.25767376691999
3190,7.903188458573234
3191,8.723760924895394
3192,6.073106473897352
3193,4.513683773217812
3194,5.238442109147499
3195,6.634400650395176
3196,4.787667500530891
3197,3.6217149255308043
3198,6.391317007156146
3199,8.45197406797851
3200,3.0585693500376343
3201,3.9248560072905376
3202,5.667714678150836
3203,13.25980872040448
3204,11.25985899235861
3205,18.372741166461772
3206,6.515857177836863
3207,16.03816314327523
3208,13.874777439621086
3209,16.81063988779162
3210,15.566797896347248
3211,15.540724830107598
3212,5.49208390007764
3213,6.625115493836234
3214,6.973225286984342
3215,6.743215109978212
3216,8.557500356714455
3217,3.602279295961466
3218,4.89254514843161
3219,5.607329103176867
3220,4.784230114611804
3221,1.9258278224761174
3222,1.929922035710314
3223,2.159247345098131
3224,1.871136123914344
3225,1.8931838891580601
3226,1.892380040867375
3227,2.6491528644976072
3228,5.792331480626081
3229,5.864140012732753
3230,2.1950699226726966
3231,4.025167655903696
3232,2.167856351631111
3233,5.170246844524864
3234,6.878432743432812
3235,3.6618856849042727
3236,6.2590886695360615
3237,4.121883702736341
3238,4.653702282180767
3239,4.747064349688136
3240,2.8554341414253233
3241,25.993209872944668
3242,25.77097834376116
3243,19.591698573827408
3244,4.606775679169469
3245,8.204256443254847
3246,6.741015023224231
3247,3.8935951445680517
3248,4.747242997232308
3249,5.3051196011638995
3250,8.250909998671156
3251,3.1128948407685724
3252,8.100681278014005
3253,4.267408680648063
3254,6.094558603506116
3255,7.464784625400923
3256,12.560218976067263
3257,5.867907888857545
3258,4.4285656093759185
3259,5.2526389708582775
3260,3.817273181625367
3261,4.093987251967318
3262,3.961581584780237
3263,1.7129921593073032
3264,8.48371326547466
3265,4.22380910983699
3266,2.552467978590395
3267,13.323631960499922
3268,12.801719424081943
3269,8.230876725953673
3270,10.900538784966304
3271,2.571589476319377
3272,3.098313426310457
3273,17.42383071825002
3274,9.895855466056494
3275,6.894596592943606
3276,3.326592998801229
3277,10.505229131586388
3278,12.751170824284765
3279,9.993137235949762
3280,10.683876993305734
3281,2.785063420343609
3282,10.929811468459663
3283,17.42383071825002
3284,2.986515910776989
3285,10.07208347210978
3286,8.27467966599914
3287,7.2683398503095065
3288,8.810436986353146
3289,0.19150618392924437
3290,1.0538544853974303
3291,2.442687014749583
3292,0.12089083877777071
3293,0.20653542423453844
3294,2.693892697135091
3295,5.424146240543093
3296,4.4489048434336
3297,7.498486545935462
3298,5.20538854401297
3299,5.189858884571474
3300,7.381140288659289
3301,1.9759427568585537
3302,2.4191665468935275
3303,4.081522773876928
3304,4.52480650899092
3305,7.682288135787132
3306,4.631132422115412
3307,1.9759427568585537
3308,5.282986117771773
3309,4.88571355817939
3310,16.732048833894208
3311,2.81968329996729
3312,2.9305777906125674
3313,16.732048833894208
3314,10.663373516536776
3315,2.8855620641134077
3316,5.060571198984122
3317,4.018045069908211
3318,5.215625888630717
3319,4.031225886066138
3320,3.9329678914713595
3321,3.5483321718585716
3322,3.751650303888399
3323,13.144536584601912
3324,4.841054737294296
3325,13.20854962943218
3326,13.20854962943218
3327,4.622814535103765
3328,5.779562263358626
3329,3.520053782207112
3330,3.610500606142598
3331,11.810702371398131
3332,11.810702371398131
3333,11.310904163383972
3334,3.7402228026008935
3335,7.63025613721138
3336,1.8745483593197882
3337,2.6984988861070165
3338,5.506152932855286
3339,4.007222014831208
3340,6.685063585795795
3341,3.743056251774674
3342,2.3795896742651714
3343,3.987674263470452
3344,13.599972383308208
3345,14.766133083579865
3346,14.110300714978848
3347,4.676168795544291
3348,10.11012621035041
3349,14.766133083579865
3350,10.807126421735063
3351,3.0606233080794722
3352,14.766133083579865
3353,13.003122043069078
3354,9.959364229203214
3355,18.372741166461772
3356,8.76096828617169
3357,5.04268832351831
3358,7.075068837066917
3359,4.884618027053804
3360,1.423904723385324
3361,0.5097001220241723
3362,0.6048323157708367
3363,0.17651968578979527
3364,7.025393981731845
3365,0.099219587880325
3366,0.04450586613407638
3367,0.20314797441584223
3368,0.0984218428843868
3369,0.29483633091102907
3370,0.3910977010627369
3371,0.20314797441584223
3372,3.4074232455466844
3373,12.293394169740193
3374,10.922031749937544
3375,5.822620186764133
3376,9.959064025855552
3377,10.890978619646688
3378,11.035263292764114
3379,7.687489629323283
3380,8.930217430713874
3381,7.544297559626723
3382,12.45727435709052
3383,2.7115536844115415
3384,2.1505095563709054
3385,1.7931095720265258
3386,4.009711992644658
3387,3.7626393857435145
3388,4.828140074020027
3389,4.214507216512704
3390,4.904651405492467
3391,114.5834662872556
3392,115.27195799472163
3393,113.78072492979663
3394,104.38210415196158
3395,32.507380909952644
3396,14.025978287332084
3397,1.2952079827655898
3398,2.678313019656319
3399,2.6988870832945984
3400,8.172725040021897
3401,17.528864672554096
3402,25.174546316072504
3403,17.16246906699194
3404,105.9197083957255
3405,105.68128196786208
3406,90.98112851113812
3407,89.68807121993598
3408,85.74141673946598
3409,78.25409513714968
3410,2.584568320875472
3411,21.093344453869097
3412,19.71704098951378
3413,74.61787759083244
3414,7.626941144669329
3415,2.4875911298623237
3416,14.98205480024713
3417,2.788132721161236
3418,1.5994055482822798
3419,6.973225286984342
3420,2.6310254882420128
3421,5.564937118027161
3422,2.307836623970206
3423,2.7813718406316896
3424,6.652161262239434
3425,6.055783560066359
3426,3.0191558497554447
3427,3.964319752223679
3428,3.361853916459895
3429,0.8896013211998842
3430,2.294364009171461
3431,5.976283969433296
3432,7.199046404709639
3433,7.2167488853748205
3434,5.878486071589273
3435,3.7502715315455077
3436,3.927216093338234
3437,11.353462461307412
3438,6.056876190545111
3439,6.143233791687026
3440,7.626941144669329
3441,6.862520993829454
3442,5.910175237246702
3443,6.707547530919461
3444,5.900224728219243
3445,5.523956951367457
3446,10.42811244870313
3447,54.604662923987426
3448,94.14257524788943
3449,11.267255767270983
3450,5.807304770013429
3451,2.521240541180432
3452,100.16014889553783
3453,82.34063208703563
3454,86.23533042094928
3455,115.27970028221125
3456,105.8886125801425
3457,103.75862686327153
3458,1.1377710750685424
3459,0.8859751208973069
3460,0.8987131288880917
3461,2.8314915048667424
3462,2.063190156863615
3463,2.53589921090412
3464,2.384148486528548
3465,4.18921646537731
3466,5.232998875068098
3467,3.7277198370996887
3468,4.37116014156967
3469,1.1077023560568695
3470,2.160787528634176
3471,88.24141583601602
3472,112.907091392461
3473,28.219167546100717
3474,10.775429863414118
3475,7.510983020228144
3476,5.757862299958284
3477,4.551098078111318
3478,4.852208501939407
3479,6.768334579213046
3480,5.040548272441872
3481,114.22137345094826
3482,5.130194113960896
3483,1.7729941407748162
3484,2.1999805140977213
3485,16.546760299811172
3486,46.30880465632005
3487,37.671842567729946
3488,5.843886588526461
3489,36.25896447806143
3490,2.986515910776989
3491,46.89486200715642
3492,44.77021998147575
3493,32.67523433243973
3494,42.527735419292355
3495,39.11607881953121
3496,25.423834487627992
3497,47.03510330175546
3498,25.72528601029857
3499,8.977005043782132
3500,4.605605165295924
3501,45.52168838718264
3502,47.03510330175546
3503,13.25744507453833
3504,7.4758447790573594
3505,4.235441530375968
3506,5.964323746510894
3507,5.843886588526461
3508,73.08286455941152
3509,28.050712109081132
3510,5.147890342521734
3511,1.8127230488105426
3512,4.232945894426236
3513,0.5261802706302282
3514,0.9095605367828502
3515,8.657706072101867
3516,2.353501408238222
3517,32.11589598883139
3518,4.259239441802133
3519,94.14257524788943
3520,8.80227279270198
3521,38.566473208976994
3522,24.80730541786179
3523,15.195739819158879
3524,28.879644032596673
3525,18.418671930702534
3526,21.67951457303079
3527,17.417854370545108
3528,14.842941479699737
3529,29.998549986313837
3530,31.943972154488048
3531,27.923846490674162
3532,25.443571219152908
3533,11.435285283189929
3534,25.72528601029857
3535,3.827976949677996
3536,5.463248347021032
3537,0.9095605367828502
3538,25.72528601029857
3539,30.15634276151645
3540,15.208169791476204
3541,35.42851391292467
3542,8.538832732753125
3543,10.875661338229332
3544,35.653319020532614
3545,7.24825413509595
3546,3.4941075993125907
3547,0.9781137629040781
3548,3.981254986153707
3549,88.21005254727824
3550,84.95193468888543
3551,89.11656809873593
3552,88.11269184325658
3553,47.60883734683466
3554,80.73329272039584
3555,77.7045447706417
3556,16.63133100038668
3557,7.043768598310633
3558,12.942898843079336
3559,12.231036586941787
3560,9.223044670010216
3561,1.2745273204315652
3562,1.3165920472133177
3563,1.9603695362637465
3564,9.564327998892976
3565,34.37848023032251
3566,3.6644592445149335
3567,6.377019128963349
3568,7.154701744292525
3569,9.983767753324397
3570,7.733127746545447
3571,2.224483642317368
3572,2.1241541941995608
3573,48.12656878058392
3574,16.397230277160936
3575,13.132913169374827
3576,7.53182814016171
3577,7.047293143796786
3578,19.849752516180153
3579,11.513300227732552
3580,13.009530023134687
3581,16.397230277160936
3582,35.62582065616726
3583,17.30837459752232
3584,49.157817649305784
3585,13.005929628901614
3586,9.826047162332571
3587,6.566124176110977
3588,7.899303466804171
3589,32.06456092972091
3590,30.426000583744504
3591,104.98175117473774
3592,73.7610953221025
3593,35.26911589290467
3594,5.995925631085812
3595,11.176202220914217
3596,13.955556935130856
3597,29.99432463821117
3598,4.78438191380281
3599,4.8741159832561864
3600,4.247483439767463
3601,29.99432463821117
3602,36.77932145255878
3603,13.68495682030702
3604,11.497835623795195
3605,16.126366756666894
3606,5.757862299958284
3607,4.2037684035273015
3608,3.6761145117744216
3609,3.4703944887507303
3610,9.564327998892976
3611,13.814919535170189
3612,13.090810749042522
3613,26.02596699499595
3614,13.342684727615666
3615,2.5288898768862493
3616,2.8681247826654404
3617,3.812310734475774
3618,48.12656878058392
3619,28.132754605531023
3620,32.21594446021981
3621,11.665832858360817
3622,31.758955920802695
3623,25.72528601029857
3624,26.02596699499595
3625,30.426000583744504
3626,8.76484851343251
3627,9.892040410125514
3628,13.291590890870623
3629,7.995156028891598
3630,34.04445831915753
3631,13.090810749042522
3632,8.656331723415112
3633,12.616080336634221
3634,14.412975759670584
3635,27.825842835906844
3636,46.89486200715642
3637,78.04681010056929
3638,77.71796601076412
3639,77.67805752234531
3640,66.36572835542526
3641,59.60336889769137
3642,47.55373484775486
3643,67.57314339647975
3644,8.161783809296143
3645,8.57179028499648
3646,8.824224904240046
3647,19.676410951871336
3648,23.786442175869755
3649,24.16585161576308
3650,30.009731295287082
3651,3.0792085409694407
3652,6.973225286984342
3653,4.663644139958968
3654,0.7872755964639989
3655,0.2058786337894562
3656,14.513722882072967
3657,0.7872755964639989
3658,3.0729621935367097
3659,23.204118938610865
3660,15.341260102116811
3661,13.68495682030702
3662,28.079533582252736
3663,12.673007424773179
3664,101.36565095872628
3665,1.5432063108281984
3666,9.646090757557262
3667,11.88319200192849
3668,55.487093260895634
3669,2.930382444563232
3670,9.521160620937966
3671,8.45634245093122
3672,1.673004612072152
3673,6.458493731020888
3674,16.340485433783375
3675,7.358435390142368
3676,1.2280583642913452
3677,27.180293966377796
3678,35.28573268359934
3679,27.334470716872847
3680,35.21903983439229
3681,14.027177818934275
3682,6.227998131082443
3683,3.014176117209606
3684,10.123921541267475
3685,6.4232369482422955
3686,10.123921541267475
3687,7.055416931085176
3688,7.142706582615996
3689,7.165231071436051
3690,7.4758447790573594
3691,8.363325519552344
3692,6.683917076865529
3693,6.698878947325106
3694,6.257587898329282
3695,3.604243021152505
3696,5.023955150357042
3697,6.422741883128986
3698,6.292343832626343
3699,11.900485413711154
3700,14.589419024016818
3701,33.205232888547975
3702,1.9422490753826602
3703,2.222206294284559
3704,27.96830736896248
3705,18.566294068112224
3706,5.066803266220177
3707,5.255360618159801
3708,3.0502744598234974
3709,1.4380489054444932
3710,1.656387949439014
3711,11.109401204948346
3712,13.814919535170189
3713,28.263479044312724
3714,19.283609981025055
3715,8.504195640442997
3716,19.11204946700283
3717,15.583503316338904
3718,3.848274980332949
3719,3.8394725607429847
3720,3.224985801398323
3721,30.775148836620122
3722,12.637456254696104
3723,7.008794592287813
3724,6.891872778596601
3725,9.254084501773779
3726,9.44161060083968
3727,9.44161060083968
3728,23.78296952427989
3729,10.925072265630165
3730,17.50947513536219
3731,8.98756506636842
3732,81.12379963906389
3733,27.936285136761587
3734,13.372077603316928
3735,15.617800978055259
3736,43.16081279027532
3737,46.49259104741551
3738,1.1909986186172714
3739,0.9310811114763541
3740,8.750064958819234
3741,108.4994998026465
3742,44.75423377323038
3743,3.2490699349605356
3744,27.825842835906844
3745,13.841410866632424
3746,18.878035224525714
3747,23.69111938246136
3748,16.077795373980354
3749,28.693173674645003
3750,22.421851719429515
3751,20.99355876707809
3752,25.76345783928192
3753,31.479712511646365
3754,3.1574844994747555
3755,53.897296001434945
3756,60.71808701523266
3757,2.7807263443346777
3758,31.87395424105648
3759,2.224483642317368
3760,2.026903117222605
3761,7.610908005099283
3762,15.945465907813036
3763,8.308167559282621
3764,8.538832732753125
3765,12.902775059667514
3766,30.249123924045545
3767,21.655726794327023
3768,9.027907203035783
3769,9.027907203035783
3770,9.027907203035783
3771,8.824224904240046
3772,6.582583035007203
3773,26.090330679976443
3774,25.743314611726337
3775,13.005929628901614
3776,1.4637260609264489
3777,3.412191638648578
3778,5.601181827360146
3779,7.233124442841463
3780,7.764178852375225
3781,8.896665255616508
3782,12.27208001408737
3783,18.917745793512633
3784,26.35326873635774
3785,6.549420482861202
3786,9.985975313903387
3787,3.8932728364292575
3788,23.080820888824242
3789,27.63180420977525
3790,31.58695487276525
3791,29.1400354409062
3792,31.719544414903446
3793,27.507035223867348
3794,22.66103961181073
3795,15.173654113985242
3796,7.574830877972217
3797,17.059060829417803
3798,9.334282036765883
3799,9.380554555026519
3800,18.69060139161018
3801,15.945465907813036
3802,2.344635161794463
3803,34.04445831915753
3804,1.6560782296481995
3805,1.8404831518342262
3806,1.598335155560767
3807,1.1981173669702383
3808,5.301624671249248
3809,16.63133100038668
3810,91.61815000530787
3811,87.40418537579636
3812,36.55365226261764
3813,32.74305064596183
3814,81.84871849359065
3815,88.33214384247832
3816,67.40905451122528
3817,104.42263689884514
3818,106.90758043860883
3819,26.544032199405795
3820,11.320964562097727
3821,21.142894813131527
3822,5.728010659843744
3823,30.73423570627315
3824,5.661945365146221
3825,2.4875911298623237
3826,16.057383388934536
3827,27.681684712371297
3828,5.831704518136131
3829,5.831704518136131
3830,12.996772212704617
3831,5.757862299958284
3832,8.896665255616508
3833,5.276529392094789
3834,5.324138939158404
3835,5.111137401753561
3836,4.909070857190654
3837,4.830678231321419
3838,9.963568374110617
3839,5.558372057695932
3840,2.467846064052599
3841,2.628613890291646
3842,2.347695754220193
3843,2.9938445894553745
3844,9.981408997677706
3845,34.72003882659299
3846,22.436437876198106
3847,27.507035223867348
3848,68.75096908187616
3849,71.27589842362858
3850,22.297366531103545
3851,26.00970668176111
3852,22.907245104427467
3853,28.39599245842412
3854,15.023538382350475
3855,30.3800424181858
3856,5.523956951367457
3857,27.00564175657045
3858,16.949980144310555
3859,20.794851007733172
3860,13.814919535170189
3861,18.416447012268407
3862,31.890782151067803
3863,27.507035223867348
3864,35.04077840271024
3865,20.081171925971272
3866,22.075500951575634
3867,19.437519459801383
3868,12.792597582100727
3869,7.2300460788255405
3870,13.85541601193015
3871,11.267716166385352
3872,4.63205654439948
3873,3.0679131882163246
3874,11.412314986335918
3875,9.603202577869183
3876,31.245673687355275
3877,8.063862787318056
3878,39.82490539344991
3879,13.585841033223826
3880,13.291590890870623
3881,10.163820880360836
3882,52.42221344762869
3883,71.16972638914947
3884,74.08739342035203
3885,58.90752541268962
3886,51.444580121370564
3887,51.93455068893045
3888,2.9158813581542633
3889,28.86865558551457
3890,22.50774268265911
3891,12.17474233480218
3892,17.228099808326295
3893,18.310865727235978
3894,30.40275504397638
3895,14.639343468185176
3896,9.015717672015032
3897,11.218985669617458
3898,11.360238017273863
3899,3.479093857497122
3900,2.175812551102396
3901,2.175812551102396
3902,7.132706999921445
3903,13.80610075150923
3904,18.718046697554108
3905,2.3497999688062947
3906,2.9158813581542633
3907,3.147372647566612
3908,2.735346736268583
3909,14.884552392603313
3910,3.9306594807343544
3911,26.59882004652184
3912,16.509828018821217
3913,24.00960982965675
3914,45.454125054508175
3915,11.799094365677062
3916,4.485271704626944
3917,15.712475762043765
3918,6.1187436916803835
3919,5.177121700227807
3920,5.161509320319735
3921,4.39069767120767
3922,3.6073454268158955
3923,25.371328951536736
3924,28.685173792352824
3925,4.303342161429005
3926,5.949221359541373
3927,3.330427311406138
3928,77.8368128984455
3929,126.19867138200526
3930,10.237870309463897
3931,10.76272647226179
3932,12.370061862925906
3933,11.747751593350285
3934,5.048978445532471
3935,6.196384366267458
3936,2.970628585975167
3937,111.72518672249642
3938,110.36830587662224
3939,2.721329030352065
3940,33.17817559902173
3941,3.905072139760261
3942,31.58049101799676
3943,28.263479044312724
3944,18.878491103428217
3945,17.704143408052342
3946,35.79559669517871
3947,15.612147096752357
3948,17.363370828761514
3949,1.4379149107632674
3950,1.5376272848451205
3951,9.100286215425909
3952,13.601838486284032
3953,6.832074143647799
3954,2.3922454344215796
3955,15.167528043179349
3956,9.65623579764957
3957,20.782625140696208
3958,17.707702079964708
3959,16.63133100038668
3960,14.39925552719842
3961,34.04445831915753
3962,37.03326377829801
3963,10.027428235860665
3964,11.64762993478868
3965,2.596670879476211
3966,12.765392078643185
3967,11.641668920677303
3968,19.694879019870974
3969,3.1206029902156227
3970,35.111765682193386
3971,13.005929628901614
3972,8.004667796737294
3973,5.607574138617153
3974,3.946063479098055
3975,2.7418017116567244
3976,3.1451813328962603
3977,33.298623675647136
3978,24.086900130106375
3979,13.271185507426102
3980,31.858127796040353
3981,7.965147746466999
3982,2.4875911298623237
3983,3.7403256744585494
3984,20.558633707978828
3985,5.660280874055522
3986,4.377035725509377
3987,4.423241172667057
3988,19.995487109388158
3989,18.347546023089944
3990,19.922240122161185
3991,3.330427311406138
3992,38.780646062563186
3993,51.03075572203789
3994,5.3167693904595135
3995,4.9604311749701235
3996,5.219894625042059
3997,2.4597520186353137
3998,1.9071096223090847
3999,5.059740843536134
4000,6.095836819963521
4001,4.198609910647801
4002,6.485870810059767
4003,5.279779117939536
4004,5.17683577287781
4005,4.791757666922499
4006,44.2041900672255
4007,9.950206208492185
4008,10.404729847705527
4009,4.780208568058496
4010,5.899511338093523
4011,4.831539431275329
4012,4.959292607780179
4013,4.55708291584763
4014,6.295197291740104
4015,3.835075214584364
4016,4.0506118822081385
4017,35.04077840271024
4018,3.529581239127963
4019,14.535257471966876
4020,14.841148949337141
4021,13.733788737410455
4022,13.608757346743783
4023,28.501133017555993
4024,0.8681929850199739
4025,12.508744231655125
4026,11.851921682532305
4027,1.8141628688552998
4028,2.5717921709817704
4029,13.946905483140075
4030,4.258539825769641
4031,5.3167693904595135
4032,5.445651171805366
4033,15.726584773238232
4034,4.5058086131161295
4035,2.4808438211741737
4036,2.338844144711043
4037,2.6179682270947047
4038,9.769033979786295
4039,7.264126896158014
4040,11.847682449251225
4041,2.1415429110941515
4042,1.4796956522508844
4043,3.825555343477784
4044,20.639130769761152
4045,2.9034812801212557
4046,4.445193664619679
4047,5.836282891949878
4048,6.238590116455275
4049,5.838735377142252
4050,31.97810894556518
4051,47.149954538632144
4052,39.626461158172944
4053,13.578725518268557
4054,10.560384693687539
4055,44.31809022102546
4056,13.291590890870623
4057,3.3298642318694003
4058,3.7106355275310916
4059,3.9884685819564716
4060,4.07453720910088
4061,46.113979272657346
4062,2.198498369389246
4063,1.468464773838633
4064,2.8021977969392684
4065,3.5025466726504217
4066,3.803166286368196
4067,4.116897227256522
4068,1.5936059477342717
4069,21.76990760571172
4070,5.3167693904595135
4071,28.509331271712092
4072,30.114726694814546
4073,27.18807647266697
4074,29.293165119586273
4075,3.130017957034769
4076,3.7749561874903157
4077,3.4676593847874093
4078,4.673636082762927
4079,4.647014130450112
4080,3.7106355275310916
4081,4.187952400451085
4082,5.142724784354369
4083,4.676061742452356
4084,4.678093376064273
4085,4.665328085813306
4086,21.101442586769988
4087,21.20010397627544
4088,6.512457323385612
4089,71.74345255330711
4090,35.64856880913706
4091,38.36579035029955
4092,29.069334807861146
4093,27.30107361504278
4094,2.981952536636352
4095,3.187242058172163
4096,5.79128114407314
4097,6.410769081580912
4098,46.376462706003586
4099,4.20415986308985
4100,3.633191702556927
4101,10.245418770393647
4102,30.60393383254652
4103,28.169560423543434
4104,30.940855559711824
4105,29.534063453174817
4106,29.1344485633745
4107,23.69582066470742
4108,16.17965224681903
4109,1.6261309503658583
4110,2.9897879006351267
4111,2.234962071266778
4112,18.313027896957774
4113,8.277794586717807
4114,8.086311150561665
4115,25.29398669212355
4116,3.800393095643146
4117,22.00842980626358
4118,20.963214798140907
4119,3.7483577994797095
4120,14.678166363766406
4121,14.639929164960092
4122,6.862520993829454
4123,3.7483577994797095
4124,24.30000477524062
4125,24.21503097737891
4126,9.827623804850989
4127,23.62542449240689
4128,3.187242058172163
4129,4.124026557166878
4130,25.939438531038412
4131,30.775148836620122
4132,23.786442175869755
4133,9.15973929231213
4134,10.010266626499043
4135,21.263841174852928
4136,11.158836693587135
4137,55.921168015892924
4138,10.310789375051984
4139,17.464813525151477
4140,19.667622936320203
4141,4.188299178156643
4142,3.672022283030705
4143,20.111342581099404
4144,17.490761402971607
4145,13.75620896848304
4146,16.103230011910057
4147,5.171217976790471
4148,4.187952400451085
4149,4.676061742452356
4150,4.604164722719083
4151,3.330427311406138
4152,6.370389443452579
4153,5.892114090811627
4154,6.123336675782715
4155,3.9991666898190172
4156,29.7024850839124
4157,3.616642476026651
4158,3.0419681480761755
4159,11.282567013477173
4160,9.2173274462523
4161,5.864293063123183
4162,13.986224431857593
4163,3.7483577994797095
4164,0.8155651816266921
4165,3.4282413120403956
4166,38.780646062563186
4167,17.035839418138448
4168,31.725936928631317
4169,22.906484211566656
4170,3.126134520116026
4171,3.0294424056029947
4172,2.9547065621739965
4173,2.9153067025167494
4174,2.096893325191352
4175,3.7647858654037836
4176,9.201374784444587
4177,5.430957896211393
4178,2.3196821981417277
4179,5.949221359541373
4180,22.50183797861867
4181,12.852787374082293
4182,12.72707369686992
4183,8.742452753863068
4184,15.589553053377227
4185,11.157430577136262
4186,22.479411521078173
4187,30.752266338634744
4188,10.027428235860665
4189,36.05460860471402
4190,3.7921629003398647
4191,31.523076530404627
4192,3.553283212571022
4193,6.304206181035633
4194,5.976170610316574
4195,5.514525685558728
4196,3.6847412109556665
4197,3.35362603714645
4198,1.4279856023855115
4199,14.39925552719842
4200,2.4787668587868663
4201,2.5657921658927796
4202,4.124490723653763
4203,1.8413246209136802
4204,21.806207155124916
4205,12.140078437803627
4206,28.53833381449534
4207,23.966869891188377
4208,23.10638329427764
4209,118.50952664841573
4210,116.01310387076065
4211,4.323753210158491
4212,1.235400369979264
4213,3.6308112260100636
4214,2.2302223501201057
4215,1.9765296725648056
4216,1.6268689154056304
4217,1.568698547517861
4218,3.553283212571022
4219,26.090330679976443
4220,11.000246968858132
4221,24.578058924143285
4222,5.820847492697422
4223,31.20659177085046
4224,31.857550925944683
4225,8.204256443254847
4226,6.741015023224231
4227,3.6960925970615928
4228,70.66721367937207
4229,4.365107846878591
4230,4.55708291584763
4231,1.759170717670361
4232,2.1809824283142794
4233,2.294364009171461
4234,3.381916475169519
4235,4.868603932037049
4236,16.51924181488879
4237,8.175077041696415
4238,19.205455170493014
4239,36.28074163711578
4240,18.38588830602416
4241,3.758696744191159
4242,1.1186995174069205
4243,1.6210385146724005
4244,1.8700159209506353
4245,1.4464255442665792
4246,14.570545704301653
4247,27.16240772602125
4248,25.547611157157537
4249,6.581898097539674
4250,4.656905091130494
4251,2.2932122612492063
4252,2.2932122612492063
