0,critical_temp
1,42.111791114693722
1,22.414423144264124
2,46.2646227961174
3,42.46212792492441
4,44.46433917164646
2,74.14227919132364
4,44.2291612262119
7,22.44497921646746
6,24.71211239373934
9,72.36172136292791
11,23.294294642911627
11,21.162249972232263
12,44.79966419226942
13,44.43136412211119
14,46.94319216197193
12,46.94319216197193
14,46.94319216197193
17,46.94319216197193
16,72.96293427123991
19,49.61131792941294
21,46.63346442717467
21,44.24131943361214
22,19.114694121492422
23,46.62319179264124
24,49.27614412727647
22,71.21712192169634
24,23.294294642911627
27,44.41624164423712
26,62.21123221921919
29,62.64466924611122
31,27.77674737131119
31,94.22619467221244
32,97.2723499922367
33,79.62497162116437
34,94.16296624713223
32,49.36113111223412
34,44.72224121124414
37,44.61114134129942
36,49.17912911744719
39,42.16433262191144
41,74.17293421914127
41,73.37493272111712
42,21.93622322722146
43,64.2344212244917
44,46.94319216197193
42,64.2344212244917
44,21.79974944271142
47,49.36226313614142
46,49.22444471696179
49,72.76414234612116
21,72.41644122422147
21,71.99472121376746
22,44.29712129316227
23,43.126416221142624
24,44.43136412211119
22,61.41946479244412
24,61.14124394179732
27,79.44442491342212
26,41.91942419197434
29,42.31912639622272
41,49.12291241647232
41,79.62497162116437
42,49.11914214342644
43,71.92464332192939
44,74.23464422932197
42,49.31167232734112
44,71.74474496172496
47,47.17924734633111
46,72.42992124692113
49,79.62497162116437
71,61.62421242269929
71,44.31242146374124
72,72.24471961494146
73,42.91663721229474
74,23.294294642911627
72,79.2161492774229
74,32.22662492947494
77,33.39174232114624
76,49.14237121414247
79,44.44246117939916
61,42.43142413412369
61,47.39924662176314
62,41.366643271693464
63,22.441391226127632
64,42.72171144217639
62,24.44637244642124
64,49.27614412727647
67,24.64232227322296
66,49.62763413747446
69,49.67294142177242
91,71.7142242137241
91,49.2234334441211
92,71.44121467139242
93,79.42299114622943
94,73.67146231991611
92,74.6324113246234
94,23.93917121322416
97,21.647197321142134
96,43.934472143923112
99,41.36123662441437
111,27.246297743491424
111,44.41323123412442
112,47.37461427211634
113,61.62122144266212
114,76.44214241716997
112,62.12446429962934
114,72.61313442931132
117,76.31913641219737
116,43.21224394277262
119,73.21213479911172
111,72.63212492294421
111,72.26427141931144
112,72.16316236472162
113,29.12914222962413
114,42.44727421336491
112,44.7616126172796
114,42.44727421336491
117,72.47297333712426
116,41.911926422136374
119,41.72172734131161
121,71.11743462331133
121,49.97991341134243
122,49.76214494677637
123,42.71423319439419
124,29.21269121472449
122,46.94319216197193
124,43.416741113124644
127,46.72727271441126
126,97.2723499922367
129,24.141169193216214
131,44.36234967426612
131,72.24471961494146
132,72.3661462262719
133,62.44311694422314
134,79.67117174171224
132,44.4447246333472
134,79.14717944422414
137,41.96611724444429
136,44.29712129316227
139,43.126416221142624
141,49.31233232231336
141,49.74967167177144
142,19.21941424714179
143,21.21427111169694
144,49.12291241647232
142,44.41624164423712
144,42.91122911113272
147,42.27962977341143
146,74.16444247272172
149,41.22443119672432
121,62.74436719421327
121,76.14611241972447
122,74.79122366196932
123,73.24421376247426
124,72.72794441441113
122,46.94319216197193
124,44.14222494724442
127,42.46224427736142
126,29.66273614142324
129,44.19779426647221
141,42.11227193134294
141,72.24471961494146
142,71.41242224963197
143,43.1173734271241
144,42.261466146197474
142,24.931971119472934
144,21.34376929434924
147,42.17131694122929
146,42.71416222211124
149,44.36234967426612
171,42.271143341791344
171,24.63262114346347
172,43.446731942476
173,27.11772313622131
174,33.191236619416292
172,27.141224322274332
174,32.692942943216174
177,32.419144169747
176,49.42122149391422
179,24.224122272132242
161,74.11742671244324
161,29.246464426264274
162,21.24123391311134
163,24.16417163991214
164,42.4722192474739
162,42.62179144263344
164,43.32221172734622
167,43.6312244214674
166,44.14227616712111
169,42.61734216219212
191,44.11631729931426
191,22.19294924191161
192,44.91423924973772
193,46.94319216197193
194,94.41922134272697
192,64.1167432214412
194,92.4129763717224
197,92.24623944442436
196,49.61371719723334
199,49.7319912221243
211,42.22941119272734
211,73.62346624441269
212,74.21966267444741
213,71.42321647234732
214,41.122134211619222
212,74.62721422122321
214,27.446749191646722
217,44.36234967426612
216,49.76214494677637
219,79.42299114622943
211,71.1621132629616
211,44.71774647422317
212,42.7643426214437
213,49.11914214342644
214,44.11443113224123
212,43.14467226733136
214,42.21349124241674
217,26.464126427329234
216,44.36234967426612
219,23.61769773444912
221,49.42122149391422
221,24.224122272132242
222,23.294294642911627
223,44.47641732163332
224,44.2963143711494
222,24.46244444333191
224,46.94319216197193
227,44.26429196234346
226,92.11436424619237
229,41.17993641144232
231,22.641621944126472
231,42.97443963444441
232,43.72641721321192
233,42.49164767422766
234,44.11699916349417
232,44.29174341411413
234,49.114121691941734
237,49.64912793913212
236,21.49794727213146
239,22.13716194677916
241,29.37143612662112
241,43.41666222413179
242,43.139332167126314
243,43.71661741976914
244,42.9111214116724
242,76.22969221221723
244,79.23149491164192
247,76.49997711932111
246,43.142979423229112
249,43.37631363967636
221,44.44647467764969
221,44.6171272643142
222,49.44279931441122
223,71.7142242137241
224,42.27141996123666
222,72.43119114221243
224,72.43119114221243
227,26.7616214324942
226,44.94674942141432
229,24.116442213711316
241,61.12723942624219
241,72.91199343361176
242,41.42227129774413
243,41.46431342931719
244,27.31732921244622
242,22.21711642421946
244,49.2234334441211
247,79.22442434771719
246,23.763494126462934
249,79.62497162116437
271,43.416741113124644
271,71.17172319222424
272,92.4129763717224
273,61.71613242642142
274,61.7943633412942
272,61.67216293442242
274,61.96612114311727
277,62.72914362129294
276,32.144131474761644
279,41.93414113911722
261,-11.336294341423461
261,-11.344641127443217
262,24.116442213711316
263,-11.414974434637942
264,42.47249674212249
262,43.416741113124644
264,46.7224441296123
267,24.13499416377461
266,44.62442324227924
269,61.42691264312427
291,61.42691264312427
291,43.4711744173111
292,71.7142242137241
293,26.947327294992494
294,24.341419111243127
292,92.4129763717224
294,44.44466413444677
297,31.211416664747144
296,21.62622142372162
299,31.26991261421492
311,24.224122272132242
311,23.294294642911627
312,71.99472121376746
313,76.16142161139116
314,77.46266799466492
312,42.19467139711726
314,44.49193773426239
317,42.14191143134449
316,47.42392219227463
319,44.49193773426239
311,44.22941446441972
311,22.267137422273112
312,17.76111116366913
313,9.449932441117444
314,74.2131441912616
312,72.24471961494146
314,29.91441163421794
317,41.772427124436312
316,41.131224434467494
319,26.17494164742744
321,72.24471961494146
321,26.11444769144132
322,44.44272269232912
323,41.29224372294123
324,44.91423924973772
322,44.22147112326712
324,42.427121444144
327,24.36146249741421
326,26.144263223217912
329,21.647197321142134
331,79.62497162116437
331,33.79199222392313
332,23.294294642911627
333,21.663741639412622
334,21.921431493164143
332,19.472314927944266
334,19.641144692162412
337,19.994794343443664
336,21.29424722732431
339,21.22962114126962
341,21.21411139412497
341,16.644276212112746
342,19.114694121492422
343,23.779117147722273
344,44.22941446441972
342,42.2637616714472
344,74.19274249737493
347,42.46413292421244
346,63.12116116229727
349,47.16622397744212
321,44.92494111991949
321,44.72769431492139
322,49.74967167177144
323,49.43267744362722
324,79.62497162116437
322,42.27741171712142
324,41.74714723413794
327,42.624172723467294
326,42.47912232244499
329,24.62147314336411
341,26.11612424712794
341,46.94319216197193
342,72.64234314711491
343,74.1132217621433
344,72.41271261727996
342,39.11411113414914
344,34.76247129471141
347,34.64666462116762
346,29.34341396413212
349,22.443164313242414
371,46.94319216197193
371,39.42213264244973
372,42.14467911191147
373,26.44741431364613
374,34.3992164243127
372,33.34179416474934
374,33.12491914194277
377,33.14742141261463
376,29.61424441692476
379,22.26133242121321
361,44.92426374262141
361,42.1129939641639
362,22.273239639273714
363,29.62444292224613
364,46.22243611249329
362,71.74297764317327
364,21.26162144246344
367,22.412644622792367
366,23.147291694143122
369,21.122767336212993
391,42.27141996123666
391,22.272249942424226
392,24.161943342494336
393,73.21622443922932
394,27.11772313622131
392,44.36234967426612
394,63.73111442941993
397,79.21441142619494
396,44.721426224973112
399,46.7742911377922
411,43.74614991911394
411,42.4347114321449
412,42.94911174229412
413,46.31943743611423
414,23.433264173392444
412,49.42237931747473
414,63.4411167611222
417,24.34761227471492
416,12.916439232241722
419,64.14492214142922
411,32.21124279442132
411,73.12916499721422
412,71.21744134747442
413,74.29726661134174
414,49.17249924219937
412,43.3496124292994
414,44.91423924973772
417,22.43137132234117
416,27.71222321927212
419,41.47729421369494
421,24.942112292222224
421,63.1729276122994
422,63.16341223443173
423,76.63641417916376
424,44.27224127729232
422,47.12419114447232
424,72.24471961494146
427,43.44429724121424
426,47.943432362644162
429,79.2377331111463
431,29.19641132697444
431,42.27141996123666
432,42.27141996123666
433,43.61914492426927
434,42.12466143474227
432,21.19743244297116
434,41.69423121922727
437,34.19611237114972
436,42.94224246334161
439,47.29293717122441
441,46.46443424261397
441,49.42244321346237
442,74.2396729144241
443,44.97417327616316
444,26.1974423437622
442,24.749932391174314
444,27.973137242672122
447,44.36234967426612
446,71.62326434267243
449,73.44431463246496
421,49.62971731663296
421,49.36111297923447
422,72.27226271642162
423,44.21222474744991
424,22.429349312177264
422,23.129327347429297
424,71.29724997722221
427,72.73442729712622
426,32.47949666944294
429,44.12274329121222
441,27.147742216112242
441,62.71421942412422
442,61.24442432763642
443,79.44242924227222
444,76.7611411431122
442,26.16639416744272
444,24.2363911931234
447,42.32919796612414
446,29.19212611296719
449,33.61224442713216
471,24.14932114999626
471,29.29773724941127
472,27.433392272617344
473,24.12444349139264
474,22.67243623379133
472,24.927491241112344
474,44.722479631729242
477,43.92763332323294
476,44.49342241944117
479,44.21741461364441
461,44.12217729327264
461,41.361324979274614
462,47.14443326414479
463,23.16264114419126
464,41.12439624333192
462,44.23161736146463
464,21.2162411262147
467,24.413224397724212
466,26.633711142124923
469,27.61943166132719
491,116.72749713336613
491,113.61443413121474
492,113.71632132671124
493,119.46441243496414
494,34.19611237114972
492,34.19611237114972
494,44.36234967426612
497,24.26264633416444
496,72.12133619232144
499,73.71196221472424
211,21.21449421194631
211,33.496247672141144
212,41.24926747133612
213,23.447314441441426
214,24.126331442974214
212,79.9962121741224
214,49.17414423712123
217,49.32613749917146
216,73.2162249266461
219,49.3112729494121
211,44.39941124694614
211,76.67121462464662
212,29.72742111297139
213,41.772423311961674
214,23.447314441441426
212,24.224122272132242
214,72.72794441441113
217,24.34761227471492
216,49.96632271414126
219,23.21247663141264
221,32.79213114474121
221,46.24373164112912
222,21.647197321142134
223,46.94319216197193
224,44.24624232232329
222,43.31241914622394
224,43.34261991491744
227,67.17362732197324
226,64.41241141162914
229,21.647197321142134
231,17.279761134671222
231,17.42117224144432
232,26.226216241214412
233,74.14327227962913
234,74.99341244997212
232,21.141111241261247
234,21.322942111144436
237,64.31626417732224
236,62.62776464421447
239,24.116442213711316
241,46.94319216197193
241,74.44279912346922
242,44.36234967426612
243,64.14462641916221
244,46.94319216197193
242,72.24471961494146
244,79.14221444137944
247,47.6414616112143
246,23.27212466499243
249,24.36622214411491
221,24.49272314224164
221,74.64372393162322
222,71.44664214194177
223,43.623499191437424
224,44.14613247622116
222,46.2422729123141
224,46.44614697122461
227,42.2271914116737
226,42.46729221414144
229,77.44119434141922
241,72.93327267123797
241,74.4132337972332
242,42.76131196344122
243,22.41116469932114
244,49.222142664241442
242,46.23699712211934
244,46.62917442113392
247,29.716136624711474
246,29.24621747116694
249,24.146242194271172
271,24.231216611612643
271,43.663191111161172
272,47.17294127761222
273,41.41344164317212
274,61.22112711714246
272,64.32131912722676
274,44.71197394232472
277,47.37444644633376
276,47.33392419647629
279,33.471442276432194
261,27.621241721649974
261,41.911972661214294
262,49.69443249911366
263,79.91111249617147
264,44.43434229441143
262,93.72274141429121
264,44.41921711629347
267,24.944243911473412
266,72.72712924263324
269,74.49791117424413
291,74.49791117424413
291,49.9622741712936
292,44.21991322249374
293,26.962224244119274
294,72.22362236147473
292,47.24114417499242
294,43.39194147172914
297,42.93476911496643
296,42.3341111222119
299,24.461213321246924
411,24.341419111243127
411,22.27934411996164
412,21.443412937741494
413,24.44637244642124
414,44.21661263122279
412,44.21137793413112
414,24.42692742666264
417,71.44429241741142
416,21.41241371346977
419,23.433264173392444
411,6.42747712191219
411,44.2719962122472
412,43.929414462674424
413,42.26922121212462
414,47.144312641424722
412,22.42316426942126
414,41.7112221471229
417,41.242314472293244
416,44.762414211617964
419,33.191236619416292
421,24.711192219714977
421,49.27221227111749
422,34.177973436222644
423,31.112791324162622
424,29.72424292641447
422,32.12464267446743
424,31.16311164212162
427,32.31121121473322
426,44.42136924411143
429,19.61242213244311
431,22.213619736166264
431,21.647197321142134
432,21.14742916647221
433,21.973461321191224
434,14.726972117449927
432,19.123471222231213
434,21.162462619119172
437,66.42292914744697
436,26.193411629199367
439,42.69443126991141
441,47.114279336796144
441,92.34141746261474
442,42.73721172922363
443,46.76444664222113
444,44.41133142791291
442,44.91747214327929
444,42.71416222211124
447,43.71112914347339
446,36.17716994922992
449,36.17716994922992
421,42.366431292412642
421,42.277449217724264
422,47.4331227971344
423,27.476349463794446
424,27.2942329442146
422,27.11772313622131
424,23.76494341242742
427,39.94217412637239
426,44.27272114991679
429,71.17411449124327
441,24.141169193216214
441,24.116442213711316
442,44.21471776112374
443,47.94944426247139
444,42.19499224644332
442,64.14492214142922
444,24.12492172193172
447,49.66191347623646
446,49.66642734172221
449,69.33161131272263
471,24.23744112413129
471,23.937176713422614
472,41.16174224624379
473,29.29394444619137
474,29.13192112912274
472,27.79296344742696
474,42.14664933241744
477,44.23279172323114
476,42.422431329136442
479,44.44272269232912
461,43.39194147172914
461,61.62421242269929
462,76.9314414111927
463,76.12133172414344
464,94.91429267692192
462,46.64262269726411
464,42.76332941743726
467,46.41141941623134
466,44.22471631923234
469,27.46444312371114
491,93.9627244946436
491,23.294294642911627
492,49.24222219231114
493,74.97244317242477
494,49.14943711617143
492,44.12179924139991
494,47.41119474149472
497,71.12711427123732
496,49.41422427292617
499,44.21749416221916
711,44.22429343799279
711,77.44293142243941
712,41.319112971799472
713,41.44122413929212
714,31.244776741291727
712,77.13244321364493
714,23.772634123199372
717,23.7913446172934
716,24.421227142112124
719,114.77249146192269
711,111.62236441464994
711,94.32949236223943
712,49.73727992234434
713,49.76214494677637
714,44.73126173424344
712,44.27799243724397
714,74.2467466946447
717,62.2629414239993
716,92.42649312194261
719,92.42649312194261
721,71.42169216424662
721,44.344294242246422
722,23.61194721694414
723,24.3149441139423
724,42.62797624412174
722,42.49144246234469
724,74.31271294244437
727,92.42649312194261
726,94.14126239442694
729,92.27212643611292
731,111.99262111311797
731,112.14192419222139
732,46.94319216197193
733,97.73119141622114
734,69.64791911423231
732,72.21221122212496
734,73.1224464669734
737,43.69729397476244
736,49.16244424126122
739,71.16449112463294
741,47.72421164737673
741,47.43116491996111
742,24.64914761169271
743,77.63416743234913
744,74.22232221124466
742,113.21242214432317
744,62.11196112471431
747,74.47229914633112
746,44.64229344711321
749,34.41612111432431
721,44.36234967426612
721,42.91461114474147
722,21.99422411292314
723,23.424274612646373
724,22.199176414226267
722,46.2121329241241
724,42.14191143134449
727,42.99346372217362
726,46.62927242296627
729,43.32447649377271
741,73.71461419424212
741,67.34761121473291
742,41.11119243132417
743,23.171429411433174
744,47.21121622421244
742,11.219346647226291
744,27.422774623111612
747,46.26447737764121
746,26.741122444114423
749,32.23127111312444
771,73.42199129436623
771,42.66237134219167
772,32.44143142321214
773,71.66372321244677
774,46.24442649972364
772,44.36234967426612
774,42.31741224231919
777,42.44727421336491
776,49.12272161422934
779,49.27614412727647
761,26.727972266213422
761,27.41163114646464
762,41.92794791433664
763,41.41742626214261
764,62.16149143711117
762,62.33224273921911
764,73.22192441493429
767,77.91499747314719
766,71.42261942712463
769,74.3131197341414
791,46.1274716142774
791,44.42942734661611
792,13.914367164469711
793,43.92272644631963
794,26.46776322212612
792,24.61131291211631
794,49.114121691941734
797,44.24694437632991
796,72.24471961494146
799,46.19761217414792
611,77.31494169321161
611,111.3374221929499
612,97.49941212419413
613,24.914711644913494
614,26.66379112229741
612,73.34299727969414
614,71.62326434267243
617,49.36111297923447
616,43.913319666792124
619,111.42132466122742
611,42.41364924297919
611,67.41412414444612
612,92.4129763717224
613,93.11127443264311
614,111.11797919419919
612,71.14364443442447
614,71.22419324342762
617,49.7319912221243
616,49.17394424492244
619,46.92424434913972
621,49.21119733977144
621,49.31233232231336
622,49.42237931747473
623,79.62497162116437
624,61.4991944662122
622,79.62497162116437
624,47.32246642314324
627,42.16211314991472
626,44.22941446441972
629,49.24716243242227
631,44.1719272324639
631,21.196132199964422
632,49.22493947214211
633,49.39626239233464
634,22.19294924191161
632,71.43613317431229
634,46.24176432763312
637,43.11221344719444
636,41.414422432129112
639,29.41619797723742
641,24.244774241321244
641,24.244774241321244
642,72.24422924739122
643,41.3447173937216
644,46.29174196123416
642,46.74174267341723
644,49.47231614224919
647,71.3946124641333
646,42.14222442422742
649,41.44362243921626
621,27.11724226442917
621,61.11963122213116
622,43.121323622321444
623,47.23193149431142
624,42.17194911174946
622,41.432624324213274
624,42.31142224237297
627,42.64422212769963
626,44.31129492942429
629,44.46412169426142
641,41.241112466224624
641,74.21219162664323
642,42.49242722127123
643,26.799416311227612
644,22.41711317143297
642,41.93423199692621
644,23.7629432472411
647,22.24427323972131
646,44.24942649462969
649,79.21671242642424
671,42.14191143134449
671,76.2212144172143
672,46.39234132191216
673,49.24969732741762
674,44.21421721734472
672,71.24631262261242
674,111.22741347997222
677,26.4313764223626
676,46.27492269721
679,71.92916299339646
661,43.41433412642622
661,41.226441164926944
662,46.96721234444697
663,71.16293464243934
664,41.34774216727433
662,46.97414621741194
664,41.32119131397472
667,41.2743412724227
666,26.22426344422414
669,42.41233244494133
691,41.12941214639649
691,22.434162491117124
692,24.24421471273236
693,22.63332464219443
694,91.99192431169911
692,62.12113496639127
694,49.24112627962247
697,49.7319912221243
696,44.93492497421122
699,43.42462621161211
911,22.163934719167244
911,74.13941444172243
912,74.24294421194242
913,71.11172671297216
914,46.24766469149412
912,44.94493429172273
914,47.14141414217223
917,47.21121134492442
916,42.29344241924942
919,22.24646111322212
911,49.91122296637944
911,42.34132292127322
912,41.493621717442394
913,27.992461142277174
914,26.92261926422113
912,69.64194242112112
914,66.11724613716416
917,69.43449342233334
916,33.42136272692419
919,46.31419226341432
921,74.24222321641122
921,71.46466144312233
922,29.764646117344212
923,41.27443217762219
924,112.14291219129141
922,34.36741426441426
924,44.21222214229166
927,44.11172344261442
926,44.11919244423274
929,42.21276133911397
931,44.9369172469112
931,44.11919244423274
932,44.11919244423274
933,21.1462767131967
934,49.21244117224422
932,49.43267744362722
934,61.64226719743726
937,72.24949422344112
936,61.21643211243423
939,74.24767222399394
941,72.24471961494146
941,73.23444344494127
942,74.3726227424413
943,79.62497162116437
944,22.16232111261426
942,27.4462419944274
944,63.69499314914263
947,46.34146422741193
946,71.42616167129231
949,71.99233311611674
921,71.22221249211226
921,72.71227413262169
922,47.6436649147667
923,47.72642124792673
924,22.37142416714799
922,26.91142921121419
924,29.1677221214142
927,42.41474233171492
926,44.9469262619173
929,34.41112422623112
941,34.46111742292912
941,34.672442242412122
942,49.11914144329144
943,43.71963664237322
944,29.47262169224472
942,41.647631744213132
944,94.91429267692192
947,114.77249146192269
946,24.111627226377442
949,22.46421221721461
971,31.47164691793119
971,29.911431449416196
972,34.446762272371374
973,33.226117112313232
974,39.49349264271242
972,34.234646272222994
974,62.1641136941941
977,71.41941727942144
976,41.394223222137474
979,41.31499622171117
961,49.46312372179212
961,73.71132117772762
962,49.11632214924444
963,42.43969929342992
964,44.79742229621427
962,44.36794126127244
964,44.42219422624443
967,49.3112729494121
966,42.6949331166119
969,29.741299212144924
991,44.19674324411194
991,44.26446296264441
992,41.36313129724414
993,44.36234967426612
994,49.94679649764441
992,49.31233232231336
994,42.94991492734122
997,46.63491297621412
996,24.671411742147312
999,62.77436222141912
1111,62.77436222141912
1111,71.7142242137241
1112,41.627462443161372
1113,27.29779147734143
1114,27.77674737131119
1112,77.32122291197712
1114,49.46211266162329
1117,44.21222329193419
1116,29.17216171237441
1119,23.274392443622144
1111,29.61424441692476
1111,62.43441419162131
1112,21.996263219943293
1113,23.933244414711362
1114,73.47191264242337
1112,77.67113977112127
1114,77.4734262421711
1117,73.99179121444222
1116,46.39214341973446
1119,71.72336126413216
1121,62.44311694422314
1121,71.61241412479297
1122,71.21249371446644
1123,27.1141622641221
1124,71.24743112721217
1122,34.436264922422494
1124,32.63322441316314
1127,32.63322441316314
1126,34.129462177964914
1129,32.22491492331462
1131,71.941294462242
1131,72.72746463924242
1132,73.44294222616927
1133,72.11144724262924
1134,26.39261621211636
1132,27.426776761232224
1134,26.111146612724927
1137,49.27217434141963
1136,41.47174727467416
1139,41.311641234442114
1141,41.691392221347412
1141,41.273424223934214
1142,214.27412172212942
1143,79.62497162116437
1144,71.27921263734162
1142,42.93231633172214
1144,23.42226914121122
1147,47.4316249742671
1146,119.19699731931994
1149,119.19699731931994
1121,23.29219124149276
1121,44.417211144732432
1122,42.474797972333962
1123,42.437491192162444
1124,42.243741242131992
1122,44.61323964631624
1124,44.26791271764171
1127,42.76193232339247
1126,42.469342167472414
1129,71.41134624334312
1141,72.29196176122979
1141,77.29124916191963
1142,79.2472611163636
1143,74.21411932132149
1144,61.22263441342734
1142,61.44324612714366
1144,21.1791222249424
1147,21.1791222249424
1146,22.697364916742613
1149,26.211114932996914
1171,61.14129423221662
1171,41.311211613994934
1172,43.11492424721749
1173,46.24712442449412
1174,49.29229412344932
1172,41.424226464244424
1174,43.71642444277317
1177,114.62234112374437
1176,49.11417971772262
1179,96.37249726942222
1161,71.79324291922134
1161,72.32293944913272
1162,49.26449427431477
1163,44.71261721296231
1164,32.211222194344444
1162,34.39324913419442
1164,73.31329624991162
1167,46.21944324396424
1166,74.22424422494437
1169,74.24767222399394
1191,72.72746463924242
1191,73.12764616726214
1192,73.12764616726214
1193,74.73913214423642
1194,42.74917122929227
1192,42.74917122929227
1194,22.641621944126472
1197,16.971741437292232
1196,41.29224372294123
1199,42.71341612122764
1111,47.93746443611491
1111,46.2413414131463
1112,24.939727919221474
1113,27.1969426223123
1114,41.16244937644494
1112,24.24621174424161
1114,27.123312343496114
1117,27.449142611212644
1116,43.931224341419464
1119,71.79141717474122
1111,22.21323941372127
1111,24.39242122394769
1112,29.932461699349634
1113,22.641621944126472
1114,44.17922499733974
1112,44.17712723491444
1114,49.42237931747473
1117,49.12143112291126
1116,23.296912164491444
1119,21.41332242474224
1121,21.414232211226322
1121,44.73116444393334
1122,79.62497162116437
1123,42.963333919222164
1124,27.614161731492113
1122,92.31464193922794
1124,92.31464193922794
1127,114.77249146192269
1126,97.2723499922367
1129,94.11412243649434
1131,42.12341129929436
1131,42.11437672644139
1132,41.27244177222427
1133,77.24343446213419
1134,46.16364414194223
1132,71.62462426244969
1134,92.74234611313171
1137,46.12463612291791
1136,49.94494974142966
1139,26.49141742264312
1141,42.7139127461242
1141,74.74423162216742
1142,73.61466111141497
1143,72.16446726127241
1144,91.26117421993463
1142,74.31624146427413
1144,44.31214319914372
1147,91.46774774663122
1146,49.4437991261112
1149,49.64141444944214
1121,44.72144242721334
1121,44.19112442327112
1122,47.3114912742223
1123,72.76471964164146
1124,72.29121471294672
1122,62.24997412772772
1124,62.241194461111
1127,76.44341229726124
1126,77.44144221461494
1129,74.12432212946467
1141,72.22141142974262
1141,44.41112376273144
1142,47.49714424344793
1143,47.92771179424113
1144,49.24412131149312
1142,44.22721714417421
1144,46.16111414242744
1147,46.2933421191247
1146,44.39924273374341
1149,77.79221229179426
1171,77.79221229179426
1171,44.36234967426612
1172,49.74462474222134
1173,29.42311122617474
1174,49.71191112421474
1172,71.14136424217942
1174,71.12196232346212
1177,49.74776471467672
1176,41.1227467442163
1179,41.11211312391174
1161,71.24727222211423
1161,74.92627162443193
1162,44.36234967426612
1163,43.44912944411269
1164,41.24214941131719
1162,113.27264911117197
1164,49.39342743144272
1167,49.26172124666222
1166,49.129666361726274
1169,74.2461242716441
1191,42.74917122929227
1191,113.21261719614432
1192,113.21261719614432
1193,72.31421377162749
1194,49.12272161422934
1192,94.91429267692192
1194,61.66112162222342
1197,44.42727132243327
1196,44.27444922624477
1199,49.12232243927442
1211,72.2422477431299
1211,44.42461492412143
1212,44.66314319429464
1213,43.37147114463417
1214,41.12164113274612
1212,46.3914924419727
1214,42.321642246234412
1217,23.296434437241423
1216,23.274264416122422
1219,22.916719729114134
1211,17.234422674124972
1211,21.97671241942361
1212,32.227416914727744
1213,32.31412136163243
1214,41.27624142613113
1212,42.64291644634246
1214,42.46314143634229
1217,42.4144434734114
1216,43.96772421413163
1219,71.39231241476264
1221,22.61342446426747
1221,22.99361432274923
1222,24.64222334277411
1223,22.794171244123313
1224,23.494369462196492
1222,42.77343221649674
1224,21.422312666712142
1227,29.49272344743644
1226,49.43267744362722
1229,49.34442144192144
1231,26.72424271431744
1231,43.141913274799224
1232,26.32124422947492
1233,24.46743631231114
1234,24.341744422697992
1232,24.2363911931234
1234,72.44362247293227
1237,24.161943342494336
1236,22.247267137242177
1239,21.176724313441144
1241,23.172426714912913
1241,21.277422414372172
1242,72.99214722921314
1243,72.92426241319963
1244,71.41944362112122
1242,44.47479762429476
1244,46.94319216197193
1247,29.424311192991914
1246,29.113316161774232
1249,34.26621121194243
1221,43.779212634213744
1221,43.297246776727944
1222,71.17136644716447
1223,22.742421324722726
1224,49.9622741712936
1222,49.61371719723334
1224,23.294294642911627
1227,19.736162494427273
1226,29.92944374464226
1229,71.93724721126441
1241,72.91431799132316
1241,73.62346624441269
1242,49.61371719723334
1243,26.42343342619367
1244,24.169714431417322
1242,46.47644461161167
1244,46.24274494647612
1247,14.417241761614426
1246,22.149211422421372
1249,43.76499934123771
1271,21.199121211242494
1271,34.142416214444424
1272,37.41642349949114
1273,33.191236619416292
1274,33.66443741466672
1272,49.16162911267143
1274,49.14111124341194
1277,72.13212411414332
1276,46.3914924419727
1279,71.26613169713731
1261,42.27141996123666
1261,29.61424441692476
1262,41.72446362491431
1263,92.49234411111222
1264,23.76494341242742
1262,61.22914944444136
1264,74.2914192114722
1267,76.63641417916376
1266,41.37222112944231
1269,61.22614232934633
1291,43.744627314462924
1291,24.632764996996126
1292,43.9412141349123
1293,74.66322943771113
1294,71.7142242137241
1292,44.22963712943444
1294,71.7142242137241
1297,11.273243926342921
1296,41.31293129263311
1299,44.71241411141417
1311,42.42213771192123
1311,49.2472241716243
1312,71.64122344732621
1313,46.42411137122773
1314,76.32972222214444
1312,24.21911911246971
1314,22.21934442471221
1317,44.179976471249
1316,29.29224277614747
1319,26.241469429321212
1311,27.32966673132337
1311,42.461964411424442
1312,29.622329647767324
1313,29.4343424313993
1314,41.42269924219914
1312,41.336323613142744
1314,42.11329616494433
1317,26.173413972674297
1316,76.4499142466112
1319,71.17334744422426
1321,49.37227711126414
1321,43.91711611422941
1322,72.24471961494146
1323,26.16723436196314
1324,21.34471969936412
1322,24.111147794271324
1324,44.44964161312244
1327,24.631463744144216
1326,29.47316696326114
1329,42.94122439249377
1331,44.42321793961379
1331,42.91644111621222
1332,42.32612413629297
1333,41.79244941111434
1334,42.97714434911126
1332,72.44211432626292
1334,71.31114224399164
1337,43.42779662674722
1336,46.94319216197193
1339,46.94319216197193
1341,46.94319216197193
1341,46.94319216197193
1342,44.693949211919334
1343,27.412447271644122
1344,22.77144322166111
1342,71.61444791211379
1344,44.16499727222391
1347,22.71413161392916
1346,46.1142499294247
1349,44.91729413417262
1321,26.261122619931414
1321,71.11131292149291
1322,43.69161222462441
1323,49.24412131149312
1324,44.27262214739124
1322,42.69646221137362
1324,41.41767229442627
1327,76.4416194214122
1326,61.21614346114777
1329,49.74363626739442
1341,24.164936341497276
1341,24.14443612476713
1342,94.91429267692192
1343,49.12272161422934
1344,22.27226147614173
1342,27.11772313622131
1344,24.116442213711316
1347,14.63296192342417
1346,13.716114622412912
1349,43.19644976739777
1371,49.31233232231336
1371,49.14271979626932
1372,24.22999126744122
1373,42.6147792244719
1374,29.12411122131914
1372,42.27132311447624
1374,24.712471334732922
1377,29.37143612662112
1376,74.21219162664323
1379,32.64791271921322
1361,71.9264169431393
1361,117.12997121412247
1362,44.36234967426612
1363,72.77462311432127
1364,24.32991672142492
1362,22.97712921361461
1364,24.149193212444244
1367,46.94319216197193
1366,44.23636392171923
1369,46.94319216197193
1391,49.7319912221243
1391,71.44721272347716
1392,46.73214266492469
1393,29.21124419772913
1394,71.41144616364319
1392,41.1469446349132
1394,43.236316192617274
1397,43.634117146267312
1396,44.13443121731996
1399,39.13416144131621
1411,49.14237121414247
1411,26.79132466324616
1412,44.93422437214446
1413,42.29344241924942
1414,24.199464621122424
1412,71.7142242137241
1414,26.7492924117263
1417,41.11192661112292
1416,27.44122761432174
1419,42.44231429192636
1411,42.61734216219212
1411,22.967936674936142
1412,31.96169449346114
1413,24.396442174293134
1414,44.14924424912621
1412,46.97414621741194
1414,73.12241132942443
1417,46.7224441296123
1416,49.74462474222134
1419,113.79111179444134
1421,41.24926747133612
1421,26.226216241214412
1422,41.29224372294123
1423,43.43791436944364
1424,43.22224212434393
1422,49.11742292932442
1424,49.19919694492649
1427,49.44472141647477
1426,49.77492664491772
1429,72.22362236147473
1431,42.42164263246329
1431,43.92967121147449
1432,44.36226239297992
1433,44.32222292361614
1434,74.2432124942114
1432,22.12647796444143
1434,29.41927414194129
1437,71.2121426971744
1436,42.91292633434216
1439,44.4414774444276
1441,43.494626622147412
1441,44.31123291346164
1442,43.1432397679294
1443,42.314294726224474
1444,42.27962977341143
1442,41.19112394333741
1444,27.23391611742222
1447,-3.2916917341671242
1446,3.1142131497211163
1449,2.3443131964692994
1421,21.924743137944444
1421,21.214966216114477
1422,23.126147964172414
1423,16.97317922461277
1424,16.97317922461277
1422,49.14237121414247
1424,42.21266111744242
1427,71.17729397493791
1426,71.74232477414492
1429,49.74776471467672
1441,22.49343767444311
1441,24.142414469147317
1442,22.631747167242167
1443,64.41764222434466
1444,72.64376642343197
1442,74.42116926244477
1444,112.21424339231974
1447,99.72912221416736
1446,74.49791117424413
1449,47.22324621349112
1471,41.671961191344972
1471,46.32244941663116
1472,71.14233661412132
1473,36.62231216733424
1474,42.14219241422497
1472,32.67373616119473
1474,22.317463914223797
1477,21.747972424392973
1476,12.221292732297227
1479,32.17642124132423
1461,34.21913297634444
1461,41.747461964241914
1462,72.74176196276962
1463,42.61191971642613
1464,43.21723916412924
1462,44.34162462292226
1464,44.26224132932112
1467,43.1432397679294
1466,44.21729146926479
1469,42.14122644262334
1491,42.47492326246111
1491,29.42114473127131
1492,29.92711426242116
1493,41.24261122962721
1494,41.2123949239723
1492,27.29119444146144
1494,26.171464773711464
1497,42.412949937671934
1496,41.261792334727724
1499,49.99419962297249
1211,47.47729174113324
1211,47.91991644242132
1212,47.93913721362244
1213,26.196112122321974
1214,27.2421742424322
1212,42.11276269632162
1214,44.31244744919321
1217,71.66461624143434
1216,32.14763242196414
1219,42.22461297299124
1211,42.47249674212249
1211,119.19699731931994
1212,24.39371213217414
1213,37.21242213274674
1214,42.27141996123666
1212,22.462326212727132
1214,24.13224362444117
1217,42.24966392371276
1216,44.21176312374132
1219,44.92369212271411
1221,43.33637114324222
1221,27.642433641446122
1222,26.212291642443944
1223,47.43944621441294
1224,44.11124761733444
1222,44.11612244491914
1224,44.31241474643271
1227,43.761173421431142
1226,43.314177197246332
1229,46.12477276314946
1231,49.97777439427146
1231,16.792449392421414
1232,16.614449269924467
1233,16.91167361442214
1234,16.232124992944144
1232,19.174149166242122
1234,19.673196114269216
1237,42.19222124191214
1236,41.14479617422499
1239,26.23114123947112
1241,24.632764996996126
1241,74.24222321641122
1242,22.744441193341414
1243,23.929226412412224
1244,22.21422741126741
1242,24.4671219641491
1244,94.74272299122621
1247,94.49472613662734
1246,94.27114912734472
1249,94.22947443424147
1221,114.21329133494626
1221,114.22642196242674
1222,114.31721239219297
1223,74.31271294244437
1224,74.19164317697429
1222,74.99233247911224
1224,74.63146464232217
1227,77.31466211439272
1226,77.79221229179426
1229,73.92247469921193
1241,49.17249924219937
1241,41.76444443441276
1242,26.44474142194297
1243,26.1432974236296
1244,23.616444967922692
1242,22.21466111344297
1244,22.16442939614223
1247,26.142971191316214
1246,42.27141996123666
1249,119.13414423211442
1271,23.76494341242742
1271,21.311447911171444
1272,21.647197321142134
1273,24.116442213711316
1274,27.42441232913734
1272,23.1122272646919
1274,24.621719612169414
1277,22.147124946944144
1276,23.46762629321124
1279,24.13237169111134
1261,24.747316422613462
1261,24.96462369492911
1262,24.691646196722312
1263,46.94319216197193
1264,46.94319216197193
1262,24.44637244642124
1264,16.742444769212637
1267,21.61434223231249
1266,42.27141996123666
1269,76.76273424622114
1291,76.92317442927319
1291,16.644276212112746
1292,41.37496671922424
1293,72.74177242291322
1294,49.1291214391461
1292,49.19241739791264
1294,42.29964124267413
1297,42.477262671446292
1296,72.42644337317426
1299,23.294294642911627
1411,23.294294642911627
1411,32.43162411334411
1412,21.712262172722263
1413,21.994744441372123
1414,43.761173421431142
1412,72.24631112266794
1414,47.14641143911914
1417,43.44739412231297
1416,74.2321396623132
1419,74.41277772916222
1411,74.42912279232273
1411,74.94623962346474
1412,74.1644133221463
1413,74.99291233696113
1414,77.14267647937414
1412,16.922711622111922
1414,22.9142346443224
1417,22.794171244123313
1416,44.2213743794712
1419,27.71179246763649
1421,29.73322329171211
1421,42.41773972922192
1422,21.924743137944444
1423,16.494924391416997
1424,74.13634241947117
1422,49.41241424941747
1424,44.26323222433962
1427,79.62497162116437
1426,91.34471317161249
1429,71.22669121379327
1431,23.27673421217442
1431,24.117774612176164
1432,44.41124346427197
1433,44.23942741437321
1434,44.163371449243
1432,16.644276212112746
1434,19.114694121492422
1437,21.732392622377266
1436,19.442432232222694
1439,19.472314927944266
1441,21.41291679214249
1441,21.162462619119172
1442,31.966247243413423
1443,21.731211272639293
1444,22.22621263714473
1442,22.21616363212422
1444,26.23222777132317
1447,71.61714446724327
1446,21.447446124217
1449,72.12163742114434
1421,24.21344713162446
1421,31.411941172236774
1422,21.142931937741164
1423,77.13241391364933
1424,77.13241391364933
1422,77.13241391364933
1424,44.3719961934247
1427,24.73231963422716
1426,44.44762164433311
1429,43.21141641622223
1441,72.24471961494146
1441,29.69193931411496
1442,46.44494461224122
1443,79.62497162116437
1444,49.44729474394317
1442,47.62212317794292
1444,46.41214772921231
1447,72.24711249299163
1446,63.73111442941993
1449,91.4724671129442
1471,94.22423622644664
1471,71.6172129314261
1472,23.429329421473742
1473,62.44419412441794
1474,117.11621127344126
1472,116.41244967262226
1474,113.44744434242216
1477,61.21224141491614
1476,49.17439346116234
1479,42.21312691632441
1461,43.12469243444111
1461,44.43649921234912
1462,47.37412442371749
1463,43.94921417722172
1464,111.64219362191224
1462,111.24413627141134
1464,42.21276133911397
1467,44.21441313427122
1466,41.996199312496112
1469,44.21447746747924
1491,44.344249213377472
1491,24.2221133197493
1492,32.299924374342244
1493,97.23212671414329
1494,41.47729421369494
1492,26.31494426611339
1494,34.21396474712761
1497,26.144263223217912
1496,21.764196943447444
1499,49.94494974142966
1711,49.21991649317792
1711,42.14741412192433
1712,42.61112642742247
1713,99.92911991614311
1714,69.7414316213112
1712,114.77249146192269
1714,34.24212421421322
1717,44.91421469743122
1716,41.264412442247242
1719,42.71612447424294
1711,49.21991649317792
1711,33.72473212262612
1712,32.667376119691412
1713,22.794171244123313
1714,34.231467231472364
1712,33.371446442914332
1714,32.14614371946966
1717,23.447314441441426
1716,23.61769773444912
1719,34.233411123119362
1721,73.64492621163677
1721,73.94442364963162
1722,21.636462344223244
1723,43.79222919434331
1724,43.2297774162477
1722,49.39626239233464
1724,43.91113412669916
1727,21.21427111169694
1726,19.21941424714179
1729,23.19929242244623
1731,21.274697499414614
1731,23.242273216322124
1732,49.44222112214262
1733,42.232144439426242
1734,41.13797613231717
1732,44.24233429442962
1734,41.61123123142344
1737,49.19241739791264
1736,21.71419132643114
1739,23.277771467343347
1741,72.6732692717734
1741,73.34224916262261
1742,32.12212946422796
1743,44.171944742434
1744,24.92119149219179
1742,31.977736314647124
1744,27.312213412334
1747,23.37413123463347
1746,41.124334374727324
1749,41.22916434272641
1721,72.9213339791297
1721,72.62411139911377
1722,76.11674623734912
1723,22.263734634736764
1724,19.662614729122796
1722,22.34129344223332
1724,29.44424461267642
1727,19.662614729122796
1726,32.24117623134644
1729,74.49791117424413
1741,77.92717411311942
1741,73.44232163146612
1742,73.29344616329624
1743,72.62722112741446
1744,26.42424434799433
1742,26.944731431124214
1744,41.226662991214262
1747,27.71222321927212
1746,79.62497162116437
1749,43.16741316624344
1771,44.97294412441293
1771,44.22497146714212
1772,44.24223141143912
1773,43.92127217214611
1774,24.141169193216214
1772,24.141169193216214
1774,16.212172212342174
1777,34.32422319931464
1776,41.64247617631229
1779,41.39146241119362
1761,41.24994191691722
1761,44.29971224226623
1762,42.41391643316177
1763,42.37412174711692
1764,43.72249146491914
1762,34.436264922422494
1764,22.243199377749497
1767,24.977419216477217
1766,111.4472913663646
1769,27.14932131463312
1791,111.14276213212742
1791,97.69241124447916
1792,61.439312974314
1793,93.9162664242722
1794,76.44716139163443
1792,62.14276114214639
1794,67.42361969971743
1797,47.1444214661722
1796,44.94216219944421
1799,44.21492193914371
1611,31.142929314147143
1611,32.42912471131271
1612,32.21324347761113
1613,32.441164171622912
1614,32.116117393213772
1612,39.41261926167226
1614,41.61649961924374
1617,21.36761694334164
1616,21.464942174169327
1619,42.37146177213626
1611,43.42779662674722
1611,21.942741737691396
1612,21.973974299214436
1613,22.174436213262114
1614,44.93794263961479
1612,72.64234327224493
1614,24.762433442229712
1617,26.1419141227969
1616,24.417227313394224
1619,27.192761934967913
1621,41.1641171263942
1621,26.44212927364236
1622,21.316121111799427
1623,41.39221267214722
1624,27.191162442664213
1622,24.473234262736612
1624,24.261132437979242
1627,26.66174721369462
1626,49.76422162234734
1629,49.3374967111741
1631,42.24261443742764
1631,72.41962239741213
1632,26.674467476922772
1633,32.412144194922912
1634,39.132144316492414
1632,39.14632133719164
1634,24.214612624634713
1637,22.22274216222929
1636,62.22242244233242
1639,62.2393429172343
1641,62.17917266142223
1641,61.46422991411242
1642,61.42691264312427
1643,11.273243926342921
1644,14.431933797432732
1642,62.71746141329332
1644,23.43126244111426
1647,23.62111241234131
1646,29.61424441692476
1649,22.242427192197192
1621,21.311447911171444
1621,22.19294924191161
1622,24.44637244642124
1623,24.632764996996126
1624,49.61371719723334
1622,49.42122149391422
1624,49.34361136769944
1627,42.663411263693744
1626,41.9426126672264
1629,24.941244234741122
1641,26.747413449436942
1641,42.41229674922226
1642,42.41229674922226
1643,29.742671213263427
1644,93.31394174641769
1642,94.2463441242276
1644,77.31434641972623
1647,23.294294642911627
1646,23.47172461621219
1649,22.74772719929741
1671,21.393412712964424
1671,26.149214476144914
1672,23.432232194119433
1673,22.243199377749497
1674,41.991447144336314
1672,27.13712412172317
1674,22.63441223436392
1677,29.444214177121914
1676,47.19269296316134
1679,44.6432411177494
1661,26.16121223419932
1661,79.9121312316742
1662,79.14914441271499
1663,76.71349222749966
1664,34.74494164113721
1662,49.32161274237266
1664,49.12737641291122
1667,44.64344426422227
1666,44.31241474643271
1669,39.762172116696614
1691,34.29611696213612
1691,26.322193494471933
1692,34.7724761319213
1693,41.22612911247423
1694,19.94411994241122
1692,47.17777161364416
1694,44.13413426793129
1697,23.42612447243192
1696,9.642721229921344
1699,34.16632942964622
1911,22.229244166146643
1911,69.14213222123244
1912,44.36234967426612
1913,44.36234967426612
1914,42.42442714424794
1912,41.94217219472496
1914,41.244142261329644
1917,41.22491162223237
1916,41.41632226616946
1919,27.476349463794446
1911,24.77222941222919
1911,22.112796164192262
1912,12.266364221916424
1913,44.32644266716344
1914,32.224472422119314
1912,34.29611696213612
1914,24.632764996996126
1917,36.269242212619192
1916,24.26367237429463
1919,36.62779131474422
1921,33.411914114371342
1921,33.1647424632624
1922,26.247333643664992
1923,11.742327223419946
1924,11.19342473229626
1922,27.719142144964192
1924,26.71461121222243
1927,29.22312246144147
1926,42.964331211432214
1929,41.29413112623371
1931,41.66771144492143
1931,33.293466341742464
1932,13.743711144411123
1933,11.362142193647144
1934,11.742327223419946
1932,62.23473142242214
1934,62.44441174143941
1937,61.43334162434236
1936,77.4211247471243
1939,33.191236619416292
1941,42.26193297424264
1941,27.72732441169112
1942,27.423464922694966
1943,27.16234244444962
1944,27.11772313622131
1942,22.76729412644474
1944,22.42736631426417
1947,22.646924466947122
1946,22.646924466947122
1949,22.392231114496227
1921,74.3911117144261
1921,14.412399112332773
1922,12.221292732297227
1923,41.644434372961194
1924,17.244444717147327
1922,17.234371244414122
1924,43.423739734233114
1927,12.221292732297227
1926,11.724176494262466
1929,16.176426221449917
1941,19.19342471119461
1941,4.131694231667242
1942,44.29479266134642
1943,41.627462443161372
1944,21.341963694313923
1942,21.341963694313923
1944,21.729199426392734
1947,21.341963694313923
1946,27.716236237627734
1949,46.27992661431149
1971,49.41379711999694
1971,42.242961423743694
1972,43.117919494141214
1973,43.92111164723474
1974,43.72272234422939
1972,44.39194619974169
1974,46.19313469111242
1977,21.169112141924714
1976,22.461421144116922
1979,29.924331249933663
1961,43.746919944742624
1961,42.43474117167471
1962,42.44612441126946
1963,44.64172444229419
1964,41.44492722727712
1962,42.46637639474294
1964,46.722214971122124
1967,42.19414111227344
1966,41.92441126326214
1969,43.17616222479612
1991,13.116943317949417
1991,71.24169911229227
1992,71.29612664319674
1993,47.44219642673319
1994,31.33624474169661
1992,43.71222421242114
1994,4.212277264172697
1997,4.212277264172697
1996,-1.2762442117211442
1999,-1.2762442117211442
2111,3.249694216233142
2111,4.212277264172697
2112,1.9221997131133473
2113,-3.1417322424146492
2114,4.137162974112412
2112,3.764442119714413
2114,1.3947177114292413
2117,22.19294924191161
2116,24.36146249741421
2119,24.921197413461133
2111,22.64212221422373
2111,-2.212349416361422
2112,22.64212221422373
2113,1.766244612211242
2114,1.4616227129431239
2112,12.221292732297227
2114,-7.474621671211734
2117,14.424962313912272
2116,16.134419227676412
2119,46.92424294622461
2121,44.79221937641491
2121,73.11197979114147
2122,21.22212472621273
2123,31.44344193119413
2124,22.64212221422373
2122,-2.412234494123319
2124,111.2411213344413
2127,93.94424736194721
2126,23.749623612112434
2129,32.676114497142612
2131,6.941921914942347
2131,24.44971474462297
2132,14.16124197162213
2133,14.993226199772634
2134,11.173622273744116
2132,42.13396949147741
2134,42.46637639474294
2137,44.14711411293429
2136,42.19414111227344
2139,43.26234664432392
2141,41.44492722727712
2141,-2.1343372214993312
2142,4.322962994716117
2143,42.41722922322142
2144,42.93712491419
2142,36.11221747197642
2144,41.44362243921626
2147,14.411169623736612
2146,12.231134961239376
2149,12.471939724667242
2121,11.123346249617962
2121,16.134419227676412
2122,2.216436721294242
2123,-1.3134744624112114
2124,22.94742224216234
2122,-1.46144117672944214
2124,12.414346794122179
2127,11.427394122214114
2126,6.473422413143713
2129,16.23324431662933
2141,6.441747123412612
2141,13.793672939476439
2142,6.141496291977294
2143,6.21342492141274
2144,6.292122414274192
2142,22.24622327129493
2144,71.16699224724426
2147,49.61134211292272
2146,74.71499924414132
2149,49.29447361194192
2171,7.2711712631439932
2171,1.6642664642424762
2172,46.2449422476444
2173,41.7646141341714
2174,22.14361222322292
2172,22.433191412979263
2174,29.744796144216466
2177,26.94441944611412
2176,32.11744172747421
2179,62.91444961424467
2161,67.11714391421446
2161,114.2316729361436
2162,111.2146946279417
2163,21.674162441219414
2164,47.32392223491433
2162,47.24226219472944
2164,26.7242441423141
2167,24.217916966742162
2166,26.24776422912699
2169,4.414742127736291
2191,6.344427127416242
2191,12.446779714247949
2192,1.7932142434791629
2193,11.92379412212122
2194,4.243123144721446
2192,21.723774422116493
2194,21.31611311632624
2197,21.274426292441364
2196,12.622116114642724
2199,-6.41137414922429
2111,-3.2916917341671242
2111,-4.991244243172224
2112,13.136214731741116
2113,12.622444924744142
2114,71.13116114219231
2112,29.19493992372461
2114,31.142126429222117
2117,11.213194221623644
2116,-41.49241121621434
2119,22.64212221422373
2111,22.44742671336722
2111,19.34691226477421
2112,13.947244124144243
2113,11.647744477341643
2114,79.44221131111339
2112,76.1364422167274
2114,63.11462222722242
2117,46.94319216197193
2116,-7.4241723636444312
2119,16.32471246177412
2121,29.111472166197424
2121,12.972216232624222
2122,22.334177147147442
2123,7.966944949431329
2124,6.97929162211933
2122,1.9142179424116361
2124,3.7342311926174644
2127,19.392212191972624
2126,-1.313241139414417
2129,-1.4222429994749272
2131,1.4442411617712124
2131,1.2471221144674122
2132,1.7294423414463247
2133,6.979291622119311
2134,24.34944271122173
2132,-1.313241139414417
2134,4.174711241143962
2137,2.161461921642772
2136,4.643734441414621
2139,-2.741132631324711
2141,23.291149497979934
2141,32.92432661444266
2142,11.324141691412726
2143,11.946463171244944
2144,12.444441926794264
2142,12.143272124997213
2144,12.42222212911442
2147,9.49232462262116
2146,6.422313494364736
2149,2.264271631424143
2121,22.993124396716374
2121,21.432242474621244
2122,16.173232441716427
2123,24.624999379264624
2124,24.132677434111646
2122,27.142226297149116
2124,32.442211413491692
2127,71.31216644441142
2126,47.64496434129472
2129,-3.226133247326177
2141,27.11772313622131
2141,12.221292732297227
2142,116.14642946624637
2143,12.231134961239376
2144,9.726643112726427
2142,4.17242134222642
2144,14.179392127794194
2147,4.62344437474299
2146,16.726213791339414
2149,-2.2319699111423172
2171,4.216492142237942
2171,11.276472267992642
2172,1.22141332661327414
2173,-12.639112666692137
2174,9.363229121241224
2172,19.243927712437197
2174,9.214434422627442
2177,-2.4324449929214673
2176,4.1474347392629422
2179,9.134926244143714
2161,11.139324239327497
2161,-2.1446944996223122
2162,16.244437213942296
2163,3.267372934919916
2164,-4.746176997214932
2162,4.977774226446144
2164,1.4162271464261244
2167,6.216164614117963
2166,1.32242491124314747
2169,-2.3221169173376627
2191,-1.19113192311414
2191,11.324413712414242
2192,6.717169723374612
2193,-2.264431431421962
2194,-11.463141493237374
2192,-12.24466326621996
2194,2.694724973911339
2197,-4.7431229991611122
2196,-1.14263729127723624
2199,-1.4211136411763464
2211,-19.111162244441132
2211,-13.727432629472674
2212,-1.14263729127723624
2213,-2.969447116413716
2214,-7.332243297111229
2212,2.634111221394114
2214,6.941921914942347
2217,-1.6499444629336212
2216,2.477441122242764
2219,12.163134124667714
2211,-11.347131476224922
2211,22.64212221422373
2212,22.143461422634466
2213,1.722414419424162
2214,1.9164462641399431
2212,4.334761424922444
2214,4.212277264172697
2217,2.413442227962217
2216,6.974191141112997
2219,22.143461422634466
2221,-3.362119921471114
2221,-2.797314142621732
2222,-3.932494432342927
2223,21.144646444499267
2224,-3.4429762419214234
2222,-2.713416116213946
2224,-2.4219271293716112
2227,-4.329446642171761
2226,9.226649421912713
2229,6.362944977936376
2231,-3.7432732241114944
2231,14.93144171142243
2232,-4.236127136321736
2233,1.3176191913216499
2234,22.16171171631436
2232,26.212714132643192
2234,24.422416614233447
2237,22.64212221422373
2236,23.164244474174226
2239,22.464776191267627
2241,22.64212221422373
2241,12.644276692221129
2242,9.376614114464247
2243,-4.779622211721962
2244,-1.4779164244142276
2242,-1.16472321413423214
2244,1.2949292946227614
2247,-2.676614742216417
2246,-2.4799194127414172
2249,1.4229612496446676
2221,9.364121224121312
2221,9.726643112726427
2222,12.446779714247949
2223,-11.944624217624417
2224,4.174431614236949
2222,-2.476491421429223
2224,-2.6213341113227912
2227,23.127747391226144
2226,-41.2714422377613
2229,-19.43633413394413
2241,2.6614774944199216
2241,-14.464342696223239
2242,-9.441161142193732
2243,14.211117261416193
2244,4.461249419416141
2242,17.147629449321724
2244,17.422271719473612
2247,22.62799342122412
2246,12.341219234122493
2249,32.19144299924163
2271,3.214964627417122
2271,1.2971217212162273
2272,11.136642696437643
2273,19.22341132641167
2274,21.97213176921242
2272,14.126474472472112
2274,-11.642317467224412
2277,-16.196691414721793
2276,13.164637477124694
2279,6.142444174143743
2261,14.22612472114122
2261,-4.242232111197319
2262,21.741247246444242
2263,1.2943731262274661
2264,1.2943731262274661
2262,21.42174623326249
2264,31.299419473721433
2267,12.939144991141419
2266,6.317711144372226
2269,19.221222222119734
2291,7.341427292397217
2291,17.372129612913464
2292,21.69671743124227
2293,22.372472791929374
2294,29.677472714767316
2292,29.13342424421324
2294,19.921424414222774
2297,11.779431291141324
2296,-2.1911273129421434
2299,13.911167491692444
2311,14.746116222612462
2311,2.1731346712397917
2312,2.9971441714766427
2313,-2.1394932234764432
2314,11.343641944197347
2312,9.714223344196924
2314,2.2724279736333613
2317,3.791139279161229
2316,1.6627413446119327
2319,11.243243963244224
2311,-1.2129221791224164
2311,4.2637244171911642
2312,36.14146612146329
2313,19.129436439111133
2314,-3.6117924731646167
2312,16.914236412123164
2314,-12.634911416176472
2317,-3.432342976722744
2316,-3.432342976722744
2319,7.212242493962126
2321,1.2272277236631492
2321,4.621491274444279
2322,4.246372361731339
2323,7.429634229314176
2324,11.611262411217139
2322,1.3141173499344164
2324,4.447723112146694
2327,44.14122392674492
2326,4.64293799224421
2329,12.916371633321434
2331,-4.1422613211991242
2331,7.3162443626211242
2332,3.266992131197662
2333,2.694171361262294
2334,-12.192111149944147
2332,4.62344437474299
2334,29.61172122299319
2337,11.332221277349149
2336,9.431146141364946
2339,21.29436669344293
2341,12.216919467294224
2341,14.611314193347137
2342,2.413611124122394
2343,14.446427947311194
2344,2.191422197227333
2342,23.941471124974624
2344,4.931291142472432
2347,-13.631222244492426
2346,6.264372479433114
2349,9.612941929271412
2321,6.424914764921617
2321,3.2994142714267997
2322,4.724263649646771
2323,7.11393676612923
2324,2.271479474747992
2322,14.62441421914392
2324,22.911449643197174
2327,46.4441642249623
2326,9.431761923472492
2329,13.44261123313469
2341,4.641116643419722
2341,-12.127926422344132
2342,1.2272144429323719
2343,-7.691977241617247
2344,-1.12144449292221974
2342,1.4144711336376472
2344,7.121171237491449
2347,-1.6733429294114173
2346,-1.247493317624612
2349,19.727337447724117
2371,-3.4319221411611612
2371,1.4364722947972491
2372,1.9967774249162417
2373,-11.329924922793346
2374,-1.1474447492144213
2372,7.191217912296276
2374,21.12976326123739
2377,19.166764676641112
2376,1.4127432942162712
2379,1.4462231191264116
2361,11.926623432377922
2361,-2.391211344292112
2362,12.12221219241274
2363,9.491422912472474
2364,13.141444277741216
2362,14.147244239111447
2364,21.442124614192324
2367,3.3173712292241942
2366,1.41442431446194962
2369,7.71363422346932
2391,1.4444677696446194
2391,1.299349434416942
2392,-4.332922419171621
2393,-3.9316314224417317
2394,4.36796922992644
2392,1.1924913342226692
2394,1.3176191913216499
2397,-1.3929244136664934
2396,-17.43276996466914
2399,7.16424796497712
2411,-11.37211667199443
2411,1.2172394993674633
2412,-1.6311497194314613
2413,4.214973771442269
2414,-7.232423724294722
2412,22.11324124442427
2414,1.17266314412212937
2417,-1.1272931413234624
2416,2.436949742992232
2419,2.212371329932624
2411,6.412113491222491
2411,4.911217163642722
2412,-1.9634124366427324
2413,6.224324914141712
2414,-4.492244691123444
2412,14.426423261246134
2414,4.261923172111749
2417,-11.219616732221216
2416,3.6394471321641467
2419,7.193134331216992
2421,4.131921971443149
2421,4.1712291471121992
2422,12.917161764241149
2423,9.234694244996412
2424,1.26334169411937212
2422,4.941741736276147
2424,4.262944742349193
2427,14.712121374743176
2426,13.442149126446122
2429,2.196942411343334
2431,7.242694674226127
2431,4.241334296149112
2432,4.249663216923472
2433,-1.1964196344431346
2434,-1.22479431122941243
2432,7.162393331122436
2434,3.1712241323122163
2437,4.94432449746149
2436,4.229312371677412
2439,2.672922624644113
2441,3.11772436626242
2441,1.13144323221436424
2442,2.214213144616271
2443,3.7642944729624334
2444,13.463347192411147
2442,1.9111442462114361
2444,9.497996421122322
2447,4.161324292291637
2446,6.69223414163617
2449,7.229194213429149
2421,6.69223414163617
2421,14.262246172312212
2422,13.641734942916412
2423,-2.4122166447614394
2424,-3.162912739321621
2422,-11.711962971124644
2424,2.124741297124724
2427,6.623266742212414
2426,1.7979127672231294
2429,4.449612441442171
2441,9.272414311992342
2441,22.412421113964676
2442,-1.17214421246671479
2443,11.149712111111219
2444,13.126246119111773
2442,-2.96229163172732
2444,1.3132424246449472
2447,-1.14341122749411749
2446,4.742123121232347
2449,2.4423913424994413
2471,2.434124267317243
2471,7.222462222242946
2472,2.141741667114113
2473,2.776466926441261
2474,2.444376921732464
2472,6.243942616149726
2474,7.443419227772212
2477,9.666964363422142
2476,12.617734777774243
2479,11.476216222122947
2461,4.392267423212332
2461,7.641912121464143
2462,7.491314244962369
2463,12.446993922111612
2464,9.637622736279714
2462,4.621771741141222
2464,7.262229947171171
2467,1.7944697196132943
2466,2.627216272422323
2469,9.629447411217162
2491,1.4229921921624142
2491,19.444722971142224
2492,-6.96622727427714
2493,-1.1912223931721424
2494,2.1234612276612444
2492,16.32134729323474
2494,3.94713373276614
2497,4.147164612416163
2496,4.1716311762271472
2499,4.612126127314462
2211,4.446292494423213
2211,-1.1116214199143173
2212,-1.1414169112242274
2213,3.1113293674132313
2214,6.196463499132224
2212,1.1967112141412722
2214,9.431124467632212
2217,1.9494994646144463
2216,4.722221322134247
2219,6.237917142223423
2211,3.921931146727227
2211,2.6474941922146144
2212,-3.22492223171296
2213,-4.72679414721442
2214,7.764744342212924
2212,4.393364274444122
2214,4.12364149424234
2217,6.414924221344172
2216,13.221314922942741
2219,11.422244777217492
2221,13.234727717921234
2221,-4.7296314724212432
2222,12.714417124473124
2223,13.714214613326414
2224,2.39743321616492
2222,4.291391491129294
2224,2.736131423172774
2227,7.213443622424121
2226,9.442469126411141
2229,3.2136477477442112
2231,2.247613447379246
2231,2.2141647212249943
2232,6.497341222997342
2233,6.644224939764412
2234,14.323914414927162
2232,19.317112221641432
2234,6.49213442169411
2237,4.61719214313943
2236,4.641932347129112
2239,4.137162974112412
2241,4.467226114426733
2241,7.91711191113149
2242,7.236414427791614
2243,12.429431293161449
2244,12.747777634312329
2242,12.643444246227924
2244,4.243123144721446
2247,1.11741134911772792
2246,1.9424214446946173
2249,-1.17214421246671479
2221,14.323914414927162
2221,2.9992123644243427
2222,4.212277264172697
2223,4.212277264172697
2224,3.194664262127142
2222,1.1432999241192212
2224,2.224116916721621
2227,3.266992131197662
2226,-2.6466913762122433
2229,7.246433426214449
2241,-17.124217714944193
2241,27.673132723234444
2242,27.449614233214137
2243,11.637434671721214
2244,4.249161111214913
2242,3.1196639322732162
2244,3.3226233117191964
2247,2.241742442744624
2246,-1.313241139414417
2249,-1.6142191142233494
2271,-11.423219222641224
2271,-11.91423622261914
2272,6.111214239494111
2273,9.332214622217242
2274,4.214731472424496
2272,-1.2139449241424774
2274,7.162232712429193
2277,-1.144211132117642
2276,4.123761736297117
2279,12.622434946276643
2261,14.461969731419624
2261,21.114323262174742
2262,14.24327927114639
2263,14.276696614744414
2264,12.746324724979316
2262,1.3944992124194713
2264,22.167779127441642
2267,19.349662232112142
2266,19.443296199274633
2269,14.212344341349212
2291,9.223412441127737
2291,21.241676134293267
2292,-1.12294411117374697
2293,9.624761221912414
2294,11.671941922161199
2292,4.299214229219712
2294,9.916612112269277
2297,14.312431124414244
2296,9.741122311724121
2299,3.216222391942212
2411,14.44132362671143
2411,12.312612244279112
2412,1.1712244494272914
2413,-2.2279463197927397
2414,1.7696443421912194
2412,4.162141472421969
2414,9.246241312331613
2417,-3.2611294166422463
2416,12.9949323939269
2419,14.9174443111329
2411,12.122913412493722
2411,7.343436263613942
2412,-2.19232941492426
2413,9.1213967116226
2414,-3.423634314474743
2412,1.449713243944139
2414,1.3464213426114146
2417,-2.171611424232293
2416,-4.249666139261226
2419,-2.243423127494431
2421,19.441794417666696
2421,74.31317762111444
2422,9.112422443434197
2423,13.112162424793973
2424,-1.931612641272374
2422,17.19267474734972
2424,12.711212672114279
2427,21.171146964769122
2426,-6.211161967442473
2429,26.41696621469194
2431,-1.1147213439347112
2431,41.11222444912211
2432,1.2244724161724497
2433,4.731649116421326
2434,3.441242322342697
2432,14.712742934212422
2434,12.211734266441364
2437,2.244222422776943
2436,13.926342322744246
2439,6.972423122742233
2441,26.162737221242123
2441,9.442931291173144
2442,6.463123492471222
2443,-6.111249414163243
2444,3.2629223461116662
2442,4.122439116214216
2444,1.3346227167124214
2447,7.944124412312731
2446,3.1113412136433123
2449,7.43132474427292
2421,4.992667443773126
2421,-1.16641931499311644
2422,-7.176944642133447
2423,-11.913341221967136
2424,27.74443242224674
2422,2.927711264266449
2424,-4.262914964232144
2427,2.212272994463464
2426,1.32911343744611442
2429,2.417347114124622
2441,9.914112646316121
2441,3.9171231333221224
2442,2.172363227241739
2443,4.123291639741143
2444,7.649411126219141
2442,9.793322292774319
2444,-3.366642747174464
2447,-3.162912739321621
2446,-1.17214421246671479
2449,1.11741134911772792
2471,1.9424214446946173
2471,1.266277224243913
2472,9.629447411217162
2473,3.692669122231394
2474,2.769432162926227
2472,-3.2641437193194614
2474,12.294226722643192
2477,4.914317732769414
2476,12.179746423997174
2479,13.142673266174714
2461,2.374217713649229
2461,9.44122211174722
2462,3.2692429232746443
2463,7.192274274412464
2464,21.123442174492742
2462,6.463123492471222
2464,3.3471992612312422
2467,6.972423122742233
2466,29.344912114461166
2469,24.26216126243917
2491,27.74944323742912
2491,6.124126311771942
2492,11.42711492629143
2493,11.419441121741437
2494,9.396761447432613
2492,9.17433479227247
2494,4.674221419491966
2497,-1.2214972273229914
2496,1.1234797349914172
2499,7.691949331349211
2711,-14.463727712222243
2711,11.744426211137164
2712,12.17322132446176
2713,13.223442111123699
2714,11.621692161244934
2712,4.949142166161322
2714,4.7119179443336444
2717,4.333942674624116
2716,6.773446972414344
2719,3.7177711361422137
2711,-2.1343372214993312
2711,6.124111733714112
2712,2.96114721211262
2713,-14.242277143321942
2714,17.321113191494722
2712,22.341497479913746
2714,-12.242326211721994
2717,11.771316924142213
2716,9.997441241742341
2719,11.139472124346621
2721,12.924162912677176
2721,-11.261674223444226
2722,12.369919211199466
2723,4.694141439473124
2724,11.649464447167396
2722,4.422312229167126
2724,3.674974142217324
2727,12.17322132446176
2726,4.692411931794136
2729,13.47261166614122
2731,14.72142123622477
2731,17.221232113916226
2732,14.229672131212267
2733,14.129491234174644
2734,24.34761227471492
2732,14.964143733719471
2734,12.147222372922992
2737,9.317142424411166
2736,11.222146114264741
2739,11.234431279999244
2741,11.724136146444113
2741,7.191621622443721
2742,9.714924417627292
2743,11.13332777223124
2744,11.192914716242622
2742,6.677239221932396
2744,-9.134731426913224
2747,12.196616247397122
2746,9.143196174314422
2749,14.336743721421122
2721,-11.719771371173244
2721,-4.214371729936113
2722,-1.66266911114419
2723,21.31194424424492
2724,7.691949331349211
2722,-1.231937334141444
2724,11.116122371747614
2727,14.446343742624212
2726,12.299443349491222
2729,12.176274474947244
2741,4.977774226446144
2741,-14.926711743213432
2742,12.176274474947244
2743,14.664144937662262
2744,9.211964364196612
2742,16.131142242111222
2744,11.162477422676964
2747,7.473492664132714
2746,4.147994222714216
2749,6.64471212219617
2771,9.432619921191742
2771,13.761913236474724
2772,13.62232424272926
2773,4.2166629631742722
2774,14.641111799447137
2772,14.942661766346946
2774,6.346799131212764
2777,31.71431644413479
2776,6.34412314994142
2779,6.472616294112162
2761,12.122174222232439
2761,12.632917962912723
2762,17.42697437622412
2763,17.424629142713322
2764,-1.2429711299612226
2762,-7.324264233364192
2764,-6.124172314417443
2767,-7.24724223271111
2766,-4.393217241299914
2769,-4.127417732349924
2791,1.116144637732142
2791,17.627244661291914
2792,17.131222222962217
2793,14.97144131711262
2794,14.112729661124146
2792,17.924111479914112
2794,12.262734416693411
2797,1.6213273166721222
2796,1.6213273166721222
2799,19.717743137411923
2611,19.221222222119734
2611,19.297142336413227
2612,4.977774226446144
2613,-1.3261714747473212
2614,-1.2942247192661946
2612,-1.7222716446133214
2614,4.161344491979627
2617,2.964349449914161
2616,3.144626447622263
2619,4.493196161192122
2611,4.61734346174226
2611,11.419611113431111
2612,14.477144291711124
2613,12.176274474947244
2614,17.342421236742422
2612,11.247922939414724
2614,16.42412411913633
2617,6.13629164691126
2616,4.994373329119739
2619,23.37434273431144
2621,22.64212221422373
2621,22.64212221422373
2622,4.414742127736291
2623,11.771316924142213
2624,14.72142123622477
2622,14.211391996111244
2624,12.369919211199466
2627,13.431319742311944
2626,14.942112116222917
2629,1.42221931129721
2631,4.923424421936226
2631,1.9424214446946173
2632,13.129146611661416
2633,-4.771227229273962
2634,16.2944692444779
2632,1.3424617699232236
2634,11.497442132333262
2637,39.24772446214144
2636,4.414742127736291
2639,4.147324932777499
2641,-2.424172426449292
2641,-3.1179444274614214
2642,-1.49133192312427
2643,16.927464339371337
2644,7.717199914137217
2642,22.64212221422373
2644,29.722924494324464
2647,22.64212221422373
2646,22.349244172423217
2649,22.222934179223422
2621,22.64212221422373
2621,24.144292372312923
2622,12.432722292142294
2623,3.646624622212344
2624,11.726219322271433
2622,11.726219322271433
2624,11.726219322271433
2627,14.692774929279292
2626,22.64212221422373
2629,22.22221231764421
2641,11.771316924142213
2641,1.27262441329724
2642,24.34761227471492
2643,23.93392712461269
2644,9.179261132642461
2642,33.94734422216737
2644,2.144944217169222
2647,21.96413422241427
2646,2.112121442147664
2649,-1.33412622292199244
2671,-1.33412622292199244
2671,17.179613147172222
2672,13.764712464172132
2673,-3.143712744666321
2674,-13.366246921732626
2672,11.266272442997122
2674,11.711417414461363
2677,-3.144242423163923
2676,12.976914264622377
2679,13.123441363476413
2661,13.174944231122426
2661,32.1929422216393
2662,-3.1446422194116372
2663,22.19799141234449
2664,22.64212221422373
2662,22.22134241124112
2664,22.11212242747416
2667,23.143441734349372
2666,21.423647334673694
2669,16.12136171762142
2691,12.444231141121264
2691,14.221242217694124
2692,11.144216419416642
2693,31.226914314236472
2694,23.99121447217214
2692,27.44173121916692
2694,12.249439261319926
2697,11.9261746614324
2696,24.92232346427474
2699,31.212717624617224
2911,2.1226171296124323
2911,-13.311474176292647
2912,2.2674922714792297
2913,2.264492147416134
2914,4.47497274441464
2912,3.426174267462437
2914,1.2412297411399214
2917,7.62992176236427
2916,-3.964729647494172
2919,4.114729422922414
2911,12.179412414342297
2911,2.941464499711437
2912,-3.4377194617647424
2913,9.461212144266716
2914,12.374171761314744
2912,2.334211447211124
2914,-1.7372463732146944
2917,4.143412412197946
2916,2.2674922714792297
2919,17.311724426311133
2921,12.132976916119277
2921,-9.24926999971212
2922,-6.71313724361134
2923,-6.149913191769433
2924,-13.72317112312944
2922,-9.214619711629211
2924,4.19762719124233
2927,2.4726217921926114
2926,1.4491126467262247
2929,17.71674912464936
2931,17.12496276436427
2931,7.31143447914614
2932,11.71127136493114
2933,-4.33647797146276
2934,2.1226171296124323
2932,14.74921276144429
2934,42.12327114391714
2937,12.446779714247949
2936,13.912963422762223
2939,11.211243922662792
2941,3.7277249212269177
2941,2.696147662746243
2942,7.712147161461447
2943,11.743723119449317
2944,-1.4943729921946134
2942,-4.442221676134111
2944,-4.961231379392911
2947,22.64212221422373
2946,3.764442119714413
2949,12.179412414342297
2921,6.724713219164343
2921,6.49716244911114
2922,9.41426447421932
2923,4.94432449746149
2924,14.973319199274244
2922,7.411421361662369
2924,16.247492462221997
2927,7.729912972127729
2926,7.421419214724116
2929,6.114111941261417
2941,6.424231916112244
2941,-1.1613231219294343
2942,11.326144443311132
2943,12.414211923927949
2944,27.212419124642614
2942,6.742111421693469
2944,9.374427339669942
2947,9.914441442113232
2946,9.997441241742341
2949,12.262743124461422
2971,14.129491234174644
2971,1.3114616111141177
2972,-3.279644121274141
2973,14.942112116222917
2974,1.12344761131721317
2972,24.616273373949222
2974,26.471624343127
2977,27.219221166672274
2976,31.21429333112732
2979,22.711363421649946
2961,-4.217413611131746
2961,23.37434273431144
2962,22.64212221422373
2963,22.424726147219673
2964,4.919611292191142
2962,6.297324122916714
2964,24.164172429914113
2967,27.144444419122414
2966,29.472943716421142
2969,31.639112472333127
2991,21.666227993397416
2991,32.11991273142126
2992,2.392141294221476
2993,1.6312119633291364
2994,1.4219416267744774
2992,47.42416117444224
2994,2.2943449926792494
2997,14.13461416141299
2996,2.167974673441299
2999,-1.32117741329964737
3111,2.294712632761742
3111,23.432633431212712
3112,11.771316924142213
3113,6.663394991472424
3114,-4.133234174911146
3112,22.32314124412412
3114,13.136214731741116
3117,3.196214494324414
3116,11.313717443463233
3119,-1.243222227174223
3111,1.1297622216799474
3111,2.3212113477223423
3112,9.241221474317139
3113,12.229749427119192
3114,14.336743721421122
3112,3.6443672166214643
3114,11.213194221623644
3117,13.472629167449617
3116,12.276644472441943
3119,22.311449299117734
3121,12.793316132642996
3121,9.491941241162712
3122,9.241461274344442
3123,4.9441491942622962
3124,1.116144637732142
3122,26.212714132643192
3124,12.39914671431247
3127,19.22141121964746
3126,21.469426444134212
3129,12.242131394431443
3131,12.149229441316132
3131,4.232221791417363
3132,24.439112944477226
3133,27.343373191442647
3134,-4.2431111133297364
3132,-6.112112372121614
3134,12.712427412122914
3137,24.192191117622244
3136,22.64412334966319
3139,31.619747122372194
3141,11.216411434141431
3141,11.792314329213139
3142,12.123217771961267
3143,11.499219271236291
3144,12.211697124132234
3142,23.74264744264237
3144,24.33197742713462
3147,12.994162191141119
3146,23.24164719336124
3149,19.4617671364449
3121,23.469449724449444
3121,-12.613344621792141
3122,12.244741419442724
3123,1.396299243341296
3124,14.249412411224334
3122,6.414949974714946
3124,2.4621311967941447
3127,2.4729416262121437
3126,9.2916616319223
3129,14.9174443111329
3141,2.4411211372224474
3141,2.749419242426
3142,-2.222279414234674
3143,4.237263422272726
3144,16.21322626162467
3142,-6.497129292461421
3144,4.121476991749491
3147,4.914712933332492
3146,3.2497941762241267
3149,-9.419471114921334
3171,-12.412692449117374
3171,-14.143229174369222
3172,-9.236122949712644
3173,-9.274121112293264
3174,11.144371123114426
3172,7.423731417911712
3174,14.499224219647234
3177,-7.17164162322611
3176,4.9422977119696142
3179,2.6114124324212692
3161,11.772119422241121
3161,12.124496461261929
3162,1.2231442661131322
3163,7.24411243692492
3164,12.643961122627267
3162,-2.444234997164432
3164,-2.127926216236124
3167,12.747777634312329
3166,6.421374347172293
3169,7.422462941714744
3191,2.744279192614614
3191,-3.229493762692929
3192,-2.127926216236124
3193,4.149471444146994
3194,-4.231491374246441
3192,11.2674714264422
3194,4.247169912932122
3197,12.499611244747444
3196,4.17419466743244
3199,-1.4741374341112414
3111,-14.13476743149713
3111,-9.421421731991661
3112,7.244141243261141
3113,21.3227497419711
3114,21.126343244142374
3112,-2.6423467492163242
3114,-4.222192312776127
3117,9.747316742496121
3116,9.37274141624271
3119,2.994224364424911
3111,-3.492391269943472
3111,-2.432242296711323
3112,1.1272241434472496
3113,-6.342641263724674
3114,-7.44217292472224
3112,-3.4914121392432263
3114,-11.13344672172331
3117,11.412242219217674
3116,6.49213442169411
3119,-7.142276661146462
3121,-3.499694694943113
3121,11.134291266213261
3122,-3.1249213337614344
3123,6.134196421222244
3124,19.723462692193314
3122,14.91611124912222
3124,4.237263422272726
3127,2.164126111364479
3126,1.2932747232141479
3129,11.461119774937613
3131,4.4646447933999932
3131,-4.4711411723432212
3132,-13.769632664963133
3133,-9.432173322437413
3134,-9.266441142194124
3132,-2.237194449994414
3134,-1.116229199471234166
3137,12.221377141372712
3136,4.929199923339224
3139,6.267164343446417
3141,12.419122196641297
3141,16.461167246327414
3142,4.27613111147242
3143,2.979264133319926
3144,-1.49912446116796914
3142,12.446779714247949
3144,4.243123144721446
3147,6.941921914942347
3146,-3.7444724662473943
3149,4.246979226642263
3121,1.1272241434472496
3121,-1.762121627446117
3122,-4.727214177211337
3123,-2.331271372917937
3124,1.2272144429323719
3122,2.924774943321129
3124,-4.142941439716324
3127,24.12312443992272
3126,9.291721946464161
3129,9.192766667316132
3141,-4.779742227324233
3141,-13.473222994361474
3142,2.4234443694722372
3143,4.474749394147229
3144,2.234426443217214
3142,2.6323114413436124
3144,-1.14421622466613
3147,1.272296144443612
3146,-2.4262361233122967
3149,7.7272274922434462
3171,1.17744211716121114
3171,6.142942726327222
3172,-4.911219143911474
3173,2.2243929643127942
3174,2.9944614221314637
3172,-14.997717922471932
3174,-11.333791941421123
3177,24.44971474462297
3176,12.399731614114649
3179,3.4244177324441242
3161,11.962244712974364
3161,11.27242611216127
3162,11.371472422924224
3163,7.691946396471296
3164,4.449372623111132
3162,2.471162422444413
3164,7.464799621919249
3167,22.77316219114212
3166,11.924162264442364
3169,9.293274121967444
3191,2.939372961934992
3191,2.142242624412617
3192,12.911461442164924
3193,7.241229727491317
3194,6.163417617144734
3192,3.2439663777432192
3194,4.231747167347114
3197,2.117132442436214
3196,13.143717333693696
3199,11.16312222494924
3211,4.713472193442412
3211,7.394211914379292
3212,13.623919179427316
3213,4.773114179411444
3214,6.13216134211442
3212,-1.3172471212922463
3214,-7.64424431441442
3217,1.9231214199744342
3216,4.2742711499619742
3219,1.1162429734244242
3211,3.7326713146143944
3211,4.29144244319941
3212,2.744279192614614
3213,-1.4216423264221141
3214,1.11741134911772792
3212,1.14741442676612624
3214,2.4249336714974492
3217,14.997922432322142
3216,13.931119432226417
3219,14.341114223432122
3221,14.211129422914112
3221,-4.197342117443994
3222,-2.924142491993414
3223,-1.4399133132424473
3224,-9.913223166333744
3222,14.614693214421113
3224,12.711343966291147
3227,16.172294322132442
3226,7.116621614617213
3229,4.44442449924216
3231,1.4146797443941214
3231,6.662624746442244
3232,4.239211419442143
3233,1.9412722432179169
3234,1.3193419612346213
3232,-1.433973419114676
3234,1.7141749442914427
3237,2.417743212149447
3236,4.293411427223629
3239,3.696632294491422
3241,17.44722649939472
3241,23.291149497979934
3242,23.37434273431144
3243,21.666227993397416
3244,11.219472692776412
3242,2.96114721211262
3244,1.6266322664229273
3247,1.3226641463643312
3246,3.221342124931449
3249,6.31311671142461
3221,2.1226171296124323
3221,-4.167446249232143
3222,-4.979349121122441
3223,4.216492142237942
3224,4.412666724292669
3222,7.142669429934114
3224,3.144212332424692
3227,-2.6713792212421227
3226,6.14417429343244
3229,9.44924222124222
3241,-1.762121627446117
3241,3.321222644463461
3242,3.6943421673227323
3243,7.121646474913364
3244,1.4272112496119992
3242,6.439129232723411
3244,3.2374614112744194
3247,14.712121374743176
3246,2.214213144616271
3249,-3.67396343672426
3271,21.491219144644466
3271,26.41696621469194
3272,14.194416213216622
3273,-1.17214421246671479
3274,1.7294423414463247
3272,2.191211294361794
3274,-4.3144647623621142
3277,-3.2417134133422133
3276,-2.2621169774172424
3279,2.143949231746314
3261,-1.1214346127616192
3261,-1.7412114422222242
3262,12.294267297621967
3263,-1.17214421246671479
3264,3.263246711639973
3262,3.426174267462437
3264,27.442424172223612
3267,31.947212271246446
3266,11.122939344363112
3269,-2.294413134926434
3291,-14.122336292243424
3291,31.117292467461334
3292,4.172244121144214
3293,-2.7122374491294444
3294,-9.141127692122443
3292,7.722149131622172
3294,2.9161293929437124
3297,12.242469919449944
3296,2.491467794914147
3299,4.111629161132127
3311,12.144632366742141
3311,3.349661923337312
3312,9.239372213247936
3313,4.444314724472272
3314,4.417924262497142
3312,4.743776223443429
3314,4.139792642731272
3317,3.349661923337312
3316,1.1144274632224917
3319,1.7699419334733722
3311,12.24272412942764
3311,-2.941114179741231
3312,-1.111242434691273
3313,12.24272412942764
3314,12.991247411294444
3312,-1.4719214713442114
3314,2.1226469272149147
3317,3.129244941161262
3316,4.149716211429419
3319,1.1134234132341349
3321,1.2427296432323141
3321,1.7431116347291123
3322,1.4464433144744194
3323,23.97217731611436
3324,19.41926227171612
3322,12.414346794122179
3324,12.414346794122179
3327,1.4129614117274369
3326,-6.97272194194142
3329,-3.2113964696991222
3331,1.1216126112113774
3331,21.341963694313923
3332,21.341963694313923
3333,4.229312371677412
3334,2.4217217247623427
3332,-17.124217714944193
3334,2.222144749221724
3337,4.127242443346112
3336,-3.3111644223721644
3339,-3.6413241691121112
3341,-3.342311274397921
3341,-2.1111439461227444
3342,2.132441244346113
3343,4.623164746226127
3344,13.136942224717441
3342,12.912471242614166
3344,12.921447494941222
3347,21.291347919443213
3346,1.4226729672477132
3349,1.4244671914217393
3321,-1.2117299241249442
3321,26.96241773122324
3322,1.9967774249162417
3323,9.171369419473422
3324,6.333474222224364
3322,-1.3172471212922463
3324,-2.327219322276113
3327,-17.212471974147112
3326,19.44113122721917
3329,4.496147941314127
3341,14.399727969464422
3341,-17.214142262421424
3342,-17.442612244472222
3343,-22.97111711179129
3344,-12.127926422344132
3342,-4.137944439744296
3344,-4.166226214244464
3347,-11.443361412741721
3346,-11.322232492122192
3349,-9.464743671741341
3371,-9.433311422414142
3371,-11.443361412741721
3372,3.249694216233142
3373,7.241461972473347
3374,4.346426234242621
3372,1.2777311474443736
3374,11.429371131149974
3377,2.7411772224641642
3376,11.92262261262439
3379,-2.914112941344422
3361,-4.396127762916412
3361,-2.1639229741991162
3362,1.3371213914242412
3363,24.111426417117434
3364,19.17262123212337
3362,7.219442962221274
3364,12.142221799322123
3367,3.1141462622644613
3366,3.764442119714413
3369,2.4996422932997494
3391,4.131444211624272
3391,96.43199321422244
3392,99.62261391226419
3393,111.1119461449141
3394,97.1136711411677
3392,22.344994727644224
3394,27.476349463794446
3397,14.179392127794194
3396,-12.143112143142724
3399,-13.491713326739929
3411,36.73132249164244
3411,21.714612322714973
3412,21.477224493746326
3413,13.262444612122713
3414,97.4922744343224
3412,111.21431143399429
3414,46.74121442497917
3417,46.61434724136422
3416,46.93447932141334
3419,49.14924949271223
3411,9.217112449966149
3411,24.133749113792636
3412,23.279133464261424
3413,22.17741714629234
3414,9.226649421912713
3412,-2.212349416361422
3414,14.111241149224912
3417,1.1636221743131496
3416,-4.414711712691763
3419,1.11741134911772792
3421,11.712412934729243
3421,14.27611491464144
3422,9.74127296193246
3423,17.337249419717163
3424,1.44441729343727942
3422,-2.44962362461424
3424,9.16141247311734
3427,11.276472267992642
3426,11.241171223232444
3429,-7.2223234424167222
3431,-2.9674273467146467
3431,2.6191717111214412
3432,3.7167112211412742
3433,4.11367424114697
3434,23.94171124639691
3432,14.114461799774424
3434,-29.17313291342419
3437,11.922216421197736
3436,14.494333114144446
3439,12.462449244236344
3441,9.226649421912713
3441,12.163773121314114
3442,27.444221712742424
3443,9.99119627391123
3444,11.321964723493246
3442,-12.244224164292642
3444,12.444264229929162
3447,42.72232772316214
3446,117.4736246212137
3449,12.41714443323929
3421,11.741927717469497
3421,6.429227226623461
3422,112.12222469197142
3423,71.46914124413291
3424,42.41141113241712
3422,99.13692192949242
3424,97.49222247434314
3427,96.13133311311314
3426,1.2397144432192426
3429,1.714791416761414
3441,9.69142921634121
3441,6.721763162764243
3442,-3.233694991491174
3443,22.16312264314444
3444,22.1321111317434
3442,11.116217224366473
3444,12.661471697176394
3447,-4.429612233293922
3446,-1.321243719234213
3449,-7.1179412613724362
3471,9.426426936611723
3471,74.422436444467
3472,114.24147143414146
3473,22.44977764197464
3474,23.61769773444912
3472,12.426311263171914
3474,14.41326239967666
3477,2.4114394496294676
3476,-2.2237143922626714
3479,12.964192114217491
3461,12.424336233347662
3461,111.49426924446122
3462,14.917161669472143
3463,-1.4462621141674414
3464,1.13144323221436424
3462,22.697921711131794
3464,47.391214214237932
3467,46.12711163946297
3466,2.3212113477223423
3469,29.14112792974322
3491,3.263246711639973
3491,34.62641424772137
3492,33.61142272461471
3493,31.264144772912392
3494,31.232312211911497
3492,13.491164799614932
3494,14.923476124122713
3497,27.131127474973762
3496,29.266623222224134
3499,6.161421192616217
3211,11.32749221362263
3211,24.4421939271941
3212,27.131127474973762
3213,11.24464221264173
3214,7.62992176236427
3212,3.9744412673427934
3214,21.412214941213922
3217,2.3212113477223423
3216,41.29224372294123
3219,26.226216241214412
3211,6.111449671311264
3211,2.634111221394114
3212,11.144314622292733
3213,4.62344437474299
3214,11.262217464236294
3212,11.212146124411272
3214,4.629169126649122
3217,13.449714236374246
3216,4.312672619241216
3219,117.4736246212137
3221,31.426214421937947
3221,44.2324444422319
3222,22.414423144264124
3223,23.433264173392444
3224,22.242427192197192
3222,22.111494129149712
3224,16.644276212112746
3227,19.124116614779246
3226,21.274697499414614
3229,21.729431312611797
3231,21.294247749413376
3231,19.742439172144314
3232,17.662131794431363
3233,41.627462443161372
3234,29.266623222224134
3232,21.662164631242342
3234,32.42962172424229
3237,11.262217464236294
3236,29.266623222224134
3239,36.92241749479242
3241,11.121777222191727
3241,21.116436112393244
3242,9.721272714946322
3243,12.179412414342297
3244,19.677641243217227
3242,6.741979912946217
3244,-2.614414172339622
3247,4.467226114426733
3246,2.9266262941474242
3249,71.94244131172442
3221,72.4212641647974
3221,72.31441611242491
3222,72.14172162671179
3223,14.72643166317612
3224,42.1323791719469
3222,41.61233229142299
3224,4.442991144611919
3227,16.416221361422347
3226,12.727969744421944
3229,16.277226119639932
3241,16.741122412422122
3241,-3.2462772614111177
3242,-3.3223214222112446
3243,2.321212744674317
3244,6.423166414762164
3242,34.76393369639166
3244,1.2226247424321462
3247,43.417332666294744
3246,47.431212442394232
3249,7.471161426194297
3271,4.216371699914913
3271,-2.4617219341346122
3272,-1.9911273222624396
3273,32.24291316794722
3274,26.144747637771127
3272,23.294911342274112
3274,4.64266367292147
3277,6.992194422262744
3276,21.231442977134174
3279,21.12122344121334
3261,2.244226169421224
3261,26.144747637771127
3262,22.46414372277617
3263,33.334626449461474
3264,17.424319132726192
3262,27.612636112242137
3264,6.941921914942347
3267,12.693722461191224
3266,17.44626269496244
3269,19.442432232222694
3291,21.14962629219224
3291,116.23326217979411
3292,111.3441943196422
3293,22.697477424449217
3294,2.261247226212294
3292,11.7412474491434
3294,21.162411974222326
3297,11.61414662212133
3296,12.211623436371192
3299,6.142271194342422
3411,12.444492696411222
3411,11.61414662212133
3412,34.14112117474727
3413,19.629943432443346
3414,19.114144444676437
3412,22.242711642326462
3414,14.41326239967666
3417,17.434762447142147
3416,11.211442241236212
3419,14.413471242644747
3411,6.423166414762164
3411,9.173212744332192
3412,2.13732169244169
3413,9.971414732479232
3414,4.241141126234313
3412,3.419769439792143
3414,1.463292241916334
3417,2.114311214129147
3416,32.24291316794722
3419,22.316721424122612
3421,22.19294924191161
3421,22.362493224134314
3422,22.224194929642112
3423,29.266623222224134
3424,9.971414732479232
3422,21.14962629219224
3424,7.262416417772642
3427,-4.141339492173722
3426,4.71791414127434
3429,13.111966294932114
3431,19.496179126793947
3431,2.13732169244169
3432,7.162163229193973
3433,2.444112711146312
3434,7.4474416169442992
3432,19.44921411416112
3434,34.62641424772137
3437,71.7142242137241
3436,46.44171433112697
3439,46.71431696721311
3441,43.19943929164134
3441,42.72314462922197
3442,21.932171724142444
3443,64.4914744744693
3444,11.214413769799112
3442,11.34217391249911
3444,11.726624212922296
3447,43.41679477721217
3446,31.462144644262227
3449,19.212212711324727
3421,24.244473312362617
3421,-1.2921627449161164
3422,1.11741134911772792
3423,2.6414221919491414
3424,-3.7221946646411127
3422,3.7342311926177177
3424,13.643412142469377
3427,-3.7221946646411127
3426,-7.149176742742791
3429,14.99944676223224
3441,16.694463292962244
3441,19.629943432443346
3442,23.23637194194747
3443,2.311723241621119
3444,99.9634224231262
3442,14.221422192176262
3444,12.142376341411166
3447,14.243114223314246
3446,47.73732617622124
3449,4.316792216993917
3471,4.9114126137622174
3471,2.641992123231112
3472,-12.72311442194632
3473,-1.7947276999262363
3474,26.71213313424666
3472,-2.1142349329661232
3474,-2.624336114432923
3477,23.494723247692474
3476,21.231924139624412
3479,17.264213137171422
3461,21.622192299129123
3461,11.479742261414429
3462,12.347219671914147
3463,-2.1429421221193417
3464,4.421621216443762
3462,2.941464499711437
3464,4.421621216443762
3467,1.11316122416116362
3466,1.2222397741324213
3469,1.3433627623244422
3491,7.62992176236427
3491,4.462234111424497
3492,4.4662272462961244
3493,4.364697121444673
3494,4.147324932777499
3492,7.122192942642293
3494,9.443961221749311
3497,2.1442324349229144
3496,4.149262219312422
3499,22.4932222221424
3711,22.31622732271467
3711,47.13417413742634
3712,-4.214447626111126
3713,-2.9224444924464994
3714,24.124421222912444
3712,22.47726934941146
3714,11.442243733166412
3717,11.412329223441712
3716,9.711142227129422
3719,3.7166442117641422
3711,-2.149141761314269
3711,2.374217713649229
3712,9.173212744332192
3713,19.72339414221366
3714,19.44171429444223
3712,19.972914449449967
3714,12.99619147212719
3717,14.16499269261474
3716,19.4141472441236
3719,2.194341416191242
3721,-3.226642421663264
3721,21.493424224364742
3722,22.196931172216112
3723,-19.662436261112614
3724,-14.733233649492232
3722,1.46137421761921917
3724,16.27626222734241
3727,16.27626222734241
3726,16.991121967122143
3729,11.241947144166117
3731,16.717147114222424
3731,11.743621731169663
3732,42.47249674212249
3733,23.242347371312126
3734,29.247323377771722
3732,24.427241114464134
3734,26.219269692971646
3737,21.64711671722466
3736,2.244121227491177
3739,2.3443131964692994
3741,2.933921464222344
3741,113.34134771426469
3742,29.79136972426242
3743,11.76213141421213
3744,19.44921411416112
3742,23.147271147349624
3744,21.924212693629642
3747,21.162711622314713
3746,22.223764437772123
3749,23.12231669131969
3721,21.962717462496114
3721,22.662126216117126
3722,24.147319714742414
3723,24.236244436427723
3724,42.31444637271234
3722,29.442731372463144
3724,41.67744622394162
3727,4.172374394644142
3726,16.243422419967164
3729,-2.4617219341346122
3741,3.9642162232247124
3741,14.214214147476429
3742,14.72142123622477
3743,11.314371429246472
3744,9.734217691112269
3742,19.61414449412461
3744,36.94727631674147
3747,16.796794399641912
3746,4.334761424922444
3749,4.334761424922444
3771,4.334761424922444
3771,11.726624212922296
3772,9.199971249192223
3773,29.211749412169494
3774,19.414314243134666
3772,27.612636112242137
3774,11.911727393314192
3777,11.124234471624192
3776,16.29974242242129
3779,19.429294411971162
3761,21.134414434164647
3761,21.97267422467914
3762,-2.4142433472622234
3763,22.129743491444633
3764,16.34962112919449
3762,19.391794131991142
3764,22.672122942491622
3767,7.446412424142679
3766,9.311644639967222
3769,33.496247672141144
3791,14.722939394611423
3791,11.13114142249469
3792,16.7217472371429
3793,12.41422617446142
3794,6.214226349122342
3792,14.37644279924193
3794,11.224717192423412
3797,11.143124226444449
3796,14.24279923244472
3799,6.74479761711623
3611,3.2123169723366393
3611,14.72142123622477
3612,-3.6221179462421262
3613,19.496179126793947
3614,9.616263647443219
3612,1.432244241922692
3614,1.6461414762424
3617,2.4622267143123127
3616,17.932124642976414
3619,4.442991144611919
3611,93.14137191741267
3611,93.33294461426222
3612,43.24336446216124
3613,44.6639614462349
3614,77.76272923114914
3612,46.93724226221749
3614,77.61274973741323
3617,69.67426143972944
3616,93.71192434394233
3619,21.241994792273314
3621,19.234161747121444
3621,24.116442213711316
3622,-4.724942163444226
3623,19.121214262414424
3624,29.37731719119212
3622,-2.212349416361422
3624,4.224142313441212
3627,17.216176237114113
3626,1.9424214446946173
3629,1.9424214446946173
3631,-2.1462212131141946
3631,14.41326239967666
3632,21.97267422467914
3633,2.167974673441299
3634,6.12269423197241
3632,7.443692224274216
3634,4.6413311246439392
3637,2.774723467364794
3636,-1.12214734224172611
3639,4.2426942231911122
3641,-21.433649436942764
3641,-16.31364126323964
3642,-6.419136113219227
3643,2.1914722419416324
3644,9.641242346121714
3642,19.7373219919174
3644,31.449343117749244
3647,12.41422617446142
3646,41.17979643713499
3649,26.42327243621191
3621,19.274731429641442
3621,14.411214411143126
3622,16.693442473131262
3623,22.377796226636426
3624,7.214427616234226
3622,22.626141721176142
3624,-12.244224164292642
3627,16.43722712621346
3626,21.673223341479222
3629,19.214632377194946
3641,9.173212744332192
3641,16.74942377371667
3642,12.731112791346144
3643,12.41422617446142
3644,22.64212221422373
3642,26.144263223217912
3644,27.119471414436263
3647,16.72641432723429
3646,6.429211912123622
3649,13.443421722114737
3671,24.624294344246247
3671,1.6469217637231164
3672,2.6932222122446492
3673,-11.977221993494649
3674,12.21123111491314
3672,14.324641227212349
3674,22.64149449371432
3677,9.244322424263762
3676,14.444142724423623
3679,2.923262443969221
3661,4.71791414127434
3661,7.113472744294417
3662,24.912431319216333
3663,74.27317211472111
3664,71.14961212291617
3662,49.73734413311977
3664,46.69126426112179
3667,46.44311232127442
3666,7.124476197769339
3669,71.24274742227133
3691,49.94246144477146
3691,19.926646464122944
3692,31.33929792194917
3693,31.113421421236144
3694,36.221777614211344
3692,13.172413497431327
3694,14.214416243942727
3697,6.146124194791421
3696,9.222971169737261
3699,19.44974127641664
3911,7.216642143112413
3911,7.216642143112413
3912,16.14492194229422
3913,24.47611774231247
3914,21.624143111922214
3912,9.222471214614624
3914,7.124476197769339
3917,2.144491743422474
3916,3.471414492443249
3919,17.127262299777744
3911,9.316272134942743
3911,21.27172114149297
3912,22.41476414473413
3913,23.146411734267226
3914,19.341222119912172
3912,29.132711117114933
3914,-2.4169413429491313
3917,7.73991723911444
3916,1.6311419747226319
3919,3.2449976113239224
3921,3.914461661237141
3921,-9.342121617919326
3922,3.442412119712666
3923,24.667634422312217
3924,23.733474244434223
3922,11.614262147964194
3924,11.227177914366199
3927,11.691327614123414
3926,74.31376221163141
3929,114.77249146192269
3931,43.71992442719294
3931,41.41141414446219
3932,41.211417644462
3933,42.164143161131124
3934,9.422439111614134
3932,12.964321433319421
3934,-14.476413673411914
3937,97.17296434447444
3936,94.23467444136266
3939,1.117674424447437426
3941,22.641431447291697
3941,6.421921137634772
3942,19.41124132447714
3943,19.72339414221366
3944,14.429272329117373
3942,14.966749724412624
3944,22.124427232926944
3947,21.722946797212324
3946,21.194767342677633
3949,-3.1442761417672446
3921,-2.944244114292643
3921,9.934411644374216
3922,-3.46111679426246
3923,19.713121121173424
3924,-1.6243944449444444
3922,11.472292929191226
3924,12.144134346229136
3927,14.43671376461396
3926,12.426422711262669
3929,4.442991144611919
3941,16.429431639364424
3941,19.496179126793947
3942,19.412724691176164
3943,16.271119141131316
3944,-1.6171177114994243
3942,6.412216677946312
3944,21.391119137119714
3947,19.461641221412244
3946,1.3299714477214137
3949,14.32621322142624
3971,19.914127137612363
3971,27.612636112242137
3972,9.119193743771666
3973,6.17212332312633
3974,-19.327331342426613
3972,2.646642249277444
3974,4.246417272642291
3977,24.329639943242467
3976,27.261224393463364
3979,29.111172414362437
3961,31.12129711261192
3961,4.6916116323414992
3962,-2.212349416361422
3963,-11.117114724449112
3964,1.312631134466147
3962,6.34141229332219
3964,1.19463414273921213
3967,-1.22143147423321694
3966,29.417673469271263
3969,24.439426136673263
3991,29.72114242932419
3991,11.691327614123414
3992,22.36471722174167
3993,29.742961444147974
3994,9.133441617261142
3992,23.413149999632977
3994,-1.6712116994264497
3997,4.617411949621749
3996,-4.3442111411791322
3999,-3.4933447412124942
4111,91.26441421296231
4111,1.22249311412436117
4112,6.433712797164444
4113,6.299424442224964
4114,6.17473471716429
4112,4.44222949773233
4114,19.261437214947744
4117,7.122632921131132
4116,12.741463169276479
4119,6.247922244317133
4111,14.27119234913472
4111,17.474496441612123
4112,24.79617116244622
4113,7.27711121123114
4114,13.414444123674264
4112,-9.247132942147362
4114,-7.243223424264461
4117,22.64212221422373
4116,14.337413246244223
4119,1.211714232772492
4121,1.4446447217943212
4121,1.3964722192214147
4122,14.241244629241767
4123,36.242627791436424
4124,-4.992792112741499
4122,2.311161422262272
4124,1.2726947291977441
4127,9.914112646316121
4126,1.246961364624932
4129,26.664611926916117
4131,3.324332222312923
4131,9.133441617261142
4132,23.126463272921477
4133,23.447113212614213
4134,2.291442473161227
4132,2.222927943474342
4134,4.321677716947674
4137,11.347217711231294
4136,-1.9431123412211473
4139,-2.747322729444923
4141,2.936419336944714
4141,21.341426964323726
4142,31.91121414443191
4143,33.12369799944212
4144,49.17144496167664
4142,13.426627117443792
4144,21.47432144447999
4147,-2.244641142191614
4146,1.9942212271942734
4149,-2.993122946622191
4121,21.32231612162149
4121,22.323262476641116
4122,12.32793116227999
4123,9.134743431733631
4124,-1.141323613217324312
4122,31.991293323212272
4124,4.71791414127434
4127,11.474444124149342
4126,11.973797941913344
4129,11.726399474414367
4141,11.194242236924446
4141,42.31419349272262
4142,3.412724311344176
4143,-2.43347441112297
4144,4.261762666327292
4142,2.7616179641172263
4144,4.932946172747263
4147,2.496791191722661
4146,-1.711219924912337
4149,19.31249974642236
4171,9.133441617261142
4171,22.24744224461437
4172,21.94411931726496
4173,22.722292134769424
4174,14.174212114261112
4172,-1.12222144244744
4174,-1.4766912416164436
4177,9.411116167334111
4176,9.11269472214722
4179,12.412221122914443
4161,11.973797941913344
4161,11.23462473472219
4162,11.169212262126471
4163,12.447627227911316
4164,17.194422491379164
4162,14.361732912114633
4164,34.17912436977412
4167,33.99229747944444
4166,9.191639714712419
4169,41.2927663119742
4191,19.446444397429192
4191,17.33329222421797
4192,14.242166194424244
4193,21.243436492317293
4194,2.216171661711732
4192,11.127233692414324
4194,7.146429466342924
4197,6.947174414414113
4196,31.464133193191237
4199,14.222611746427347
4111,12.762744246211444
4111,12.312343341213937
4112,23.321621943791223
4113,16.634744761911794
4114,21.24344412242197
4112,21.13222926222996
4114,21.212171213496724
4117,21.13962414742217
4116,21.12624122464717
4119,-1.4231222117211194
4111,11.474261911471176
4111,9.417164161467464
4112,32.69993447497421
4113,4.424421744274113
4114,2.477216179222947
4112,44.12471462211177
4114,2.323462447134942
4117,42.22126913627633
4116,23.429737363436662
4119,6.66419131472963
4121,-1.4611123179424462
4121,2.27427996964174
4122,12.163773121314114
4123,6.66419131472963
4124,11.416119344424973
4122,31.396117493246424
4124,21.474119191243673
4127,21.291111231244
4126,11.127233692414324
4129,14.939124746141162
4131,21.1647917142416
4131,21.493424224364742
4132,31.462144644262227
4133,21.122447671433464
4134,7.44399126342914
4132,23.424192662642366
4134,21.69276293334631
4137,49.21244117224422
4136,4.2492164923796172
4139,4.227923116219662
4141,7.126624476621247
4141,3.114147221177142
4142,11.61747622266144
4143,14.292439142177374
4144,9.412149149241746
4142,13.112129391711179
4144,16.219161291963923
4147,7.24969641346732
4146,11.23462473472219
4149,12.447627227911316
4121,12.341944614944467
4121,11.691327614123414
4122,12.712427412122914
4123,4.124371122149296
4124,-1.117294446111221112
4122,1.172443224119746
4124,42.611372296261114
4127,3.212116923291931
4126,1.2411796314429441
4129,2.612119171762247
4141,14.464741392472242
4141,14.34723741464192
4142,2.4216134647391222
4143,6.66419131472963
4144,-2.672232671212196
4142,-1.9443279911767924
4144,22.36471722174167
4147,-1.666124379922626
4146,14.32147642126444
4149,19.447743144776247
4171,13.412211141241226
4171,13.162646219461224
4172,12.26126624492316
4173,11.943269762726313
4174,2.1174441173233442
4172,3.221976474142297
4174,24.34127371427143
4177,19.29423136432716
4176,26.41372117211294
4179,11.227177914366199
4161,27.497414212144663
4161,21.11112317342612
4162,21.762214923129342
4163,21.223129344794194
4164,42.92772614344694
4162,49.27962214131494
4164,23.33774227172664
4167,23.243227164921646
4166,16.271119141131316
4169,19.637446637764464
4191,22.372472791929374
4191,21.13221717613922
4192,7.419393262122672
4193,12.11341979624314
4194,11.444673647733994
4192,27.99232729269231
4194,-11.121199234224127
4197,-6.929791132771412
4196,-3.766171243431129
4199,16.429431639364424
4211,4.44722344226729
4211,4.22441691732924
4212,-1.296174241342947
4213,1.9119662231392424
4214,31.464222794113116
4212,24.127464913913114
4214,23.943942171797114
4217,23.264619274734974
4216,22.637442641474924
4219,114.12771241996419
4211,111.36123691244429
4211,-12.114267494113974
4212,12.117262413773442
4213,-1.2967794791477244
4214,-1.32117741329964737
4212,2.91276367722431
4214,4.233734492311634
4217,7.192221372714442
4216,7.419393262122672
4219,29.211749412169494
4221,17.297111632116362
4221,32.2741147739746
4222,3.262364412449294
4223,23.111111229297116
4224,16.264612312914144
4222,2.96114721211262
4224,1.6266322664229273
4227,1.9974311233942423
4226,22.112124463941162
4229,6.462332427749497
4231,7.27711121123114
4231,-2.2637231442126913
4232,3.3124449722277924
4233,-2.9674273467146467
4234,-4.311444927616143
4232,2.614423193691349
4234,16.694232413331247
4237,16.447231331244417
4236,16.94311449122221
4239,19.76233412421264
4241,1.3763214111331472
4241,1.24992111912314312
4242,-2.1971221672317217
4243,4.173624731212327
4244,4.14391749916213
4242,2.1492699973293114
4244,17.291449163136122
4247,12.422367364997114
4246,12.727331141627162
4249,2.411117427922149
4221,1.12424144211149412
4221,16.246994442491142
4222,16.246994442491142
